.imp,.id,log_l,log_f,troph,age_mat,wcol,adult_mob,species
1,1,4.62497,5.09375,3.55,21,bp,mig,caretta caretta
1,2,4.62497,5.09375,3.55,10.85325,bp,mig,caretta caretta
1,3,4.62497,5.15906,3.55,21,bp,mig,caretta caretta
1,4,4.62497,5.15906,3.55,10.85325,bp,mig,caretta caretta
1,5,4.62497,4.86753,3.55,21,bp,mig,caretta caretta
1,6,4.62497,4.86753,3.55,10.85325,bp,mig,caretta caretta
1,7,4.62497,4.89784,3.55,21,bp,mig,caretta caretta
1,8,4.62497,4.89784,3.55,10.85325,bp,mig,caretta caretta
1,9,4.62497,5.04986,3.55,21,bp,mig,caretta caretta
1,10,4.62497,5.04986,3.55,10.85325,bp,mig,caretta caretta
1,11,4.62497,5.24702,3.55,21,bp,mig,caretta caretta
1,12,4.62497,5.24702,3.55,10.85325,bp,mig,caretta caretta
1,13,4.62497,5.23644,3.55,21,bp,mig,caretta caretta
1,14,4.62497,5.23644,3.55,10.85325,bp,mig,caretta caretta
1,15,4.62497,5.28827,3.55,21,bp,mig,caretta caretta
1,16,4.62497,5.28827,3.55,10.85325,bp,mig,caretta caretta
1,17,4.62497,5.07517,3.55,21,bp,mig,caretta caretta
1,18,4.62497,5.07517,3.55,10.85325,bp,mig,caretta caretta
1,19,4.62497,4.7362,3.55,21,bp,mig,caretta caretta
1,20,4.62497,4.7362,3.55,10.85325,bp,mig,caretta caretta
1,21,4.62497,5.75646,3.55,25,bp,mig,caretta caretta
1,22,4.62986,7.24208,2.34,6.51195,pel,mig,chelonia mydas
1,23,4.62986,7.24208,2.34,36.17752,pel,mig,chelonia mydas
1,24,4.62986,7.24208,2.34,23.87716,pel,mig,chelonia mydas
1,25,4.62986,7.24208,2.34,18.08876,pel,mig,chelonia mydas
1,26,4.62986,7.24208,2.34,25.32426,pel,mig,chelonia mydas
1,27,4.62986,7.24208,2.34,19.53586,pel,mig,chelonia mydas
1,28,4.62986,5.02388,2.34,6.51195,pel,mig,chelonia mydas
1,29,4.62986,5.02388,2.34,36.17752,pel,mig,chelonia mydas
1,30,4.62986,5.02388,2.34,23.87716,pel,mig,chelonia mydas
1,31,4.62986,5.02388,2.34,18.08876,pel,mig,chelonia mydas
1,32,4.62986,5.02388,2.34,25.32426,pel,mig,chelonia mydas
1,33,4.62986,5.02388,2.34,19.53586,pel,mig,chelonia mydas
1,34,4.62986,5.75646,2.34,25,pel,mig,chelonia mydas
1,35,4.46591,5.30827,3.51,3.5,rf,mig,eretmochelys imbricata
1,36,4.46591,5.32788,3.51,3.5,rf,mig,eretmochelys imbricata
1,37,4.46591,5.12396,3.51,3.5,rf,mig,eretmochelys imbricata
1,38,4.46591,5.18739,3.51,3.5,rf,mig,eretmochelys imbricata
1,39,4.46591,4.72739,3.51,3.5,rf,mig,eretmochelys imbricata
1,40,4.46591,5.2832,3.51,3.5,rf,mig,eretmochelys imbricata
1,41,4.46591,4.78749,3.51,3.5,rf,mig,eretmochelys imbricata
1,42,4.46591,5.2575,3.51,3.5,rf,mig,eretmochelys imbricata
1,43,4.46591,5.36129,3.51,3.5,rf,mig,eretmochelys imbricata
1,44,4.46591,5.40717,3.51,3.5,rf,mig,eretmochelys imbricata
1,45,4.46591,5.75646,3.51,25,rf,mig,eretmochelys imbricata
1,46,4.28082,5.75646,3.38,15,bp,mig,lepidochelys olivacea
1,47,4.81218,5.75646,4.15,15,bp,mig,dermochelys coriacea
1,48,4.5326,0.34657,4.5,3,rf,mob,laticauda colubrina
1,49,4.5326,1.15129,4.5,3,rf,mob,laticauda colubrina
1,50,4.5326,1.95601,4.5,3,rf,mob,laticauda colubrina
1,51,4.11087,5.75646,3.49,15,ben,mig,lepidochelys kempii
1,52,4.56954,4.2586,3.39,25,bp,mig,natator depressa
1,53,5.99146,3.45388,3.95,15,pel,mob,crocodylus porosus
1,54,5.90808,0.34657,2.15,3,rf,mob,amblyrhynchus cristatus
1,55,5.90808,1.15129,2.15,3,rf,mob,amblyrhynchus cristatus
1,56,5.90808,1.95601,2.15,3,rf,mob,amblyrhynchus cristatus
1,57,4.36628,0.34657,4.5,3,bp,mob,acrochordus granulatus
1,58,4.36628,1.15129,4.5,3,bp,mob,acrochordus granulatus
1,59,4.36628,1.95601,4.5,3,bp,mob,acrochordus granulatus
1,60,4.20469,0.34657,4.5,3,ben,mob,cerberus rynchops
1,61,4.09434,1.15129,4.5,3,ben,mob,cerberus rynchops
1,62,4.52179,0.34657,4.4,3,ben,mob,aipysurus apraefrontalis
1,63,4.52179,1.15129,4.4,3,ben,mob,aipysurus apraefrontalis
1,64,4.52179,1.95601,4.4,3,ben,mob,aipysurus apraefrontalis
1,65,4.69135,0.34657,4.5,3,rf,mob,aipysurus duboisii
1,66,4.69135,1.15129,4.5,3,rf,mob,aipysurus duboisii
1,67,4.69135,1.95601,4.5,3,rf,mob,aipysurus duboisii
1,68,4.44265,0.34657,4.4,3,ben,mob,aipysurus eydouxi
1,69,4.44265,1.15129,4.4,3,ben,mob,aipysurus eydouxi
1,70,4.44265,1.95601,4.4,3,ben,mob,aipysurus eydouxi
1,71,4.65396,0.34657,4.3,3,rf,mob,aipysurus laevis
1,72,4.65396,1.15129,4.3,3,rf,mob,aipysurus laevis
1,73,4.65396,1.95601,4.3,3,rf,mob,aipysurus laevis
1,74,5.05465,0.34657,4.5,3,ben,mob,hydrophis kingii
1,75,5.05465,1.15129,4.5,3,ben,mob,hydrophis kingii
1,76,5.05465,1.95601,4.5,3,ben,mob,hydrophis kingii
1,77,4.7185,0.34657,4.5,3,ben,mob,hydrophis major
1,78,4.7185,1.15129,4.5,3,ben,mob,hydrophis major
1,79,4.7185,1.95601,4.5,3,ben,mob,hydrophis major
1,80,4.49424,0.34657,4,3,rf,mob,emydocephalus annulatus
1,81,4.49424,1.15129,4,3,rf,mob,emydocephalus annulatus
1,82,4.49424,1.95601,4,3,rf,mob,emydocephalus annulatus
1,83,4.31749,0.34657,4,3,ben,mob,emydocephalus ijimae
1,84,4.31749,1.15129,4,3,ben,mob,emydocephalus ijimae
1,85,4.31749,1.95601,4,3,ben,mob,emydocephalus ijimae
1,86,4.61413,0.34657,4.5,3,rf,mob,hydrophis schistosus
1,87,4.61413,1.15129,4.5,3,rf,mob,hydrophis schistosus
1,88,4.61413,1.95601,4.5,3,rf,mob,hydrophis schistosus
1,89,4.7185,0.34657,4.5,3,ben,mob,hydrophis bituberculatus
1,90,4.7185,1.15129,4.5,3,ben,mob,hydrophis bituberculatus
1,91,4.7185,1.95601,4.5,3,ben,mob,hydrophis bituberculatus
1,92,4.43082,0.34657,4.5,3,bp,mob,polyodontognathus caerulescens
1,93,4.43082,1.15129,4.5,3,bp,mob,polyodontognathus caerulescens
1,94,4.43082,1.95601,4.5,3,bp,mob,polyodontognathus caerulescens
1,95,4.91998,0.34657,4.5,3,ben,mob,hydrophis coggeri
1,96,4.91998,1.15129,4.5,3,ben,mob,hydrophis coggeri
1,97,4.91998,1.95601,4.5,3,ben,mob,hydrophis coggeri
1,98,4.86753,0.34657,4.5,3,rf,mob,hydrophis cyanocinctus
1,99,4.86753,1.15129,4.5,3,rf,mob,hydrophis cyanocinctus
1,100,4.86753,1.95601,4.5,3,rf,mob,hydrophis cyanocinctus
1,101,4.58497,0.34657,4.5,3,ben,mob,hydrophis czeblukovi
1,102,4.58497,1.15129,4.5,3,ben,mob,hydrophis czeblukovi
1,103,4.58497,1.95601,4.5,3,ben,mob,hydrophis czeblukovi
1,104,5.26269,0.34657,4.5,3,ben,mob,hydrophis elegans
1,105,5.26269,1.15129,4.5,3,ben,mob,hydrophis elegans
1,106,5.26269,1.95601,4.5,3,ben,mob,hydrophis elegans
1,107,4.13517,0.34657,4.5,3,ben,mob,hydrophis fasciatus
1,108,4.13517,1.15129,4.5,3,ben,mob,hydrophis fasciatus
1,109,4.13517,1.95601,4.5,3,ben,mob,hydrophis fasciatus
1,110,4.52179,0.34657,4.5,3,ben,mob,hydrophis inornatus
1,111,4.52179,1.15129,4.5,3,ben,mob,hydrophis inornatus
1,112,4.52179,1.95601,4.5,3,ben,mob,hydrophis inornatus
1,113,5.22451,0.34657,3.51,3,rf,mob,chitulia laboutei
1,114,5.22451,1.15129,3.39,3,rf,mob,chitulia laboutei
1,115,5.22451,1.95601,3.55,3,rf,mob,chitulia laboutei
1,116,4.82831,0.34657,4.5,3,ben,mob,hydrophis lamberti
1,117,4.82831,1.15129,4.5,3,ben,mob,hydrophis lamberti
1,118,4.82831,1.95601,4.5,3,ben,mob,hydrophis lamberti
1,119,4.72562,0.34657,4.5,3,rf,mob,hydrophis lapemoides
1,120,4.72562,1.15129,4.5,3,rf,mob,hydrophis lapemoides
1,121,4.72562,1.95601,4.5,3,rf,mob,hydrophis lapemoides
1,122,5.01064,0.34657,4.5,3,ben,mob,hydrophis melanocephalus
1,123,5.01064,1.15129,4.5,3,ben,mob,hydrophis melanocephalus
1,124,5.01064,1.95601,4.5,3,ben,mob,hydrophis melanocephalus
1,125,4.82831,0.34657,4.5,3,rf,mob,hydrophis ornatus
1,126,4.82831,1.15129,4.5,3,rf,mob,hydrophis ornatus
1,127,4.82831,1.95601,4.5,3,rf,mob,hydrophis ornatus
1,128,5.07829,0.34657,4.5,3,ben,mob,hydrophis pacificus
1,129,5.07829,1.15129,4.5,3,ben,mob,hydrophis pacificus
1,130,5.07829,1.95601,4.5,3,ben,mob,hydrophis pacificus
1,131,7.46451,0.34657,4.5,3,rf,mob,hydrophis spiralis
1,132,7.46451,1.15129,4.5,3,rf,mob,hydrophis spiralis
1,133,7.46451,1.95601,4.5,3,rf,mob,hydrophis spiralis
1,134,4.63473,0.34657,4.5,3,rf,mob,hydrophis curtus
1,135,4.63473,1.15129,4.5,3,rf,mob,hydrophis curtus
1,136,4.63473,1.95601,4.5,3,rf,mob,hydrophis curtus
1,137,4.91265,0.34657,4.5,3,ben,mob,laticauda laticaudata
1,138,4.91265,1.15129,4.5,3,ben,mob,laticauda laticaudata
1,139,4.91265,1.95601,4.5,3,ben,mob,laticauda laticaudata
1,140,2.85647,0.34657,3.49,3,ben,mob,microcephalophis cantoris
1,141,2.85647,1.15129,3.49,3,ben,mob,microcephalophis cantoris
1,142,2.85647,1.95601,3.49,3,ben,mob,microcephalophis cantoris
1,143,3.7495,0.34657,3.49,3,ben,mob,thalassophis anomalus
1,144,3.7495,1.15129,3.49,3,ben,mob,thalassophis anomalus
1,145,3.7495,1.95601,3.49,3,ben,mob,thalassophis anomalus
1,146,4.69135,0.34657,4.5,3,rf,mob,laticauda saintgironsi
1,147,4.69135,1.15129,4.5,3,rf,mob,laticauda saintgironsi
1,148,4.69135,1.95601,4.5,3,rf,mob,laticauda saintgironsi
1,149,4.18052,0.34657,4.5,3,ben,mob,laticauda frontalis
1,150,4.18052,1.15129,4.5,3,ben,mob,laticauda frontalis
1,151,4.18052,1.95601,4.5,3,ben,mob,laticauda frontalis
1,152,4.45435,0.34657,4.5,3,ben,mob,hydrophis mcdowelli
1,153,4.45435,1.15129,4.5,3,ben,mob,hydrophis mcdowelli
1,154,4.45435,1.95601,4.5,3,ben,mob,hydrophis mcdowelli
1,155,4.5326,3.45388,3.95,15,ben,mob,crocodylus acutus
1,156,4.62986,0.34657,4.5,3,ben,mob,acrochordus arafurae
1,157,5.26269,1.15129,4.5,3,ben,mob,acrochordus arafurae
1,158,4.52179,1.95601,4.5,3,ben,mob,acrochordus arafurae
1,159,4.62986,0.34657,4.5,3,ben,mob,acrochordus javanicus
1,160,4.91265,1.15129,4.5,3,ben,mob,acrochordus javanicus
1,161,4.44265,1.95601,4.5,3,ben,mob,acrochordus javanicus
1,162,4.62497,0.34657,3.49,3,ben,mob,ephalophis greyi
1,163,4.62497,1.15129,3.49,3,ben,mob,ephalophis greyi
1,164,4.44265,1.95601,3.51,3,ben,mob,ephalophis greyi
1,165,4.62986,0.34657,3.51,3,ben,mob,hydrelaps darwiniensis
1,166,4.62497,1.15129,3.49,3,ben,mob,hydrelaps darwiniensis
1,167,4.28082,1.95601,3.51,3,ben,mob,hydrelaps darwiniensis
1,168,4.62986,0.34657,4.5,3,ben,mob,laticauda guineai
1,169,4.62497,1.15129,4.5,3,ben,mob,laticauda guineai
1,170,4.28082,1.95601,4.5,3,ben,mob,laticauda guineai
1,171,4.62986,0.34657,4.5,3,ben,mob,laticauda schistorhyncha
1,172,4.62497,1.15129,4.5,3,ben,mob,laticauda schistorhyncha
1,173,4.52179,1.95601,4.5,3,ben,mob,laticauda schistorhyncha
1,174,5.22451,0.34657,4.5,3,rf,mob,laticauda semifasciata
1,175,4.65396,1.15129,4.5,3,rf,mob,laticauda semifasciata
1,176,4.46591,1.95601,4.5,3,rf,mob,laticauda semifasciata
1,177,4.62986,0.34657,3.49,3,ben,mob,parahydrophis mertoni
1,178,4.62497,1.15129,3.51,3,ben,mob,parahydrophis mertoni
1,179,4.52179,1.95601,3.51,3,ben,mob,parahydrophis mertoni
1,180,4.62497,0.34657,4.4,3,ben,mob,aipysurus foliosquama
1,181,4.52179,1.15129,4.4,3,ben,mob,aipysurus foliosquama
1,182,4.11087,1.95601,4.4,3,ben,mob,aipysurus foliosquama
1,183,4.62497,0.34657,4.4,3,ben,mob,aipysurus fuscus
1,184,4.44265,1.15129,4.4,3,ben,mob,aipysurus fuscus
1,185,4.36628,1.95601,4.4,3,ben,mob,aipysurus fuscus
1,186,4.65396,0.34657,4.4,3,rf,mob,aipysurus mosaicus
1,187,4.62986,1.15129,4.4,3,rf,mob,aipysurus mosaicus
1,188,4.62986,1.95601,4.4,3,rf,mob,aipysurus mosaicus
1,189,4.62497,0.34657,4.4,3,ben,mob,aipysurus tenuis
1,190,4.28082,1.15129,4.4,3,ben,mob,aipysurus tenuis
1,191,4.11087,1.95601,4.4,3,ben,mob,aipysurus tenuis
1,192,4.62986,0.34657,3.49,3,ben,mob,disteira walli
1,193,4.62497,1.15129,3.49,3,ben,mob,disteira walli
1,194,4.44265,1.95601,3.49,3,ben,mob,disteira walli
1,195,4.62986,0.34657,3.49,3,ben,mob,enhydrina zweifeli
1,196,4.62497,1.15129,3.51,3,ben,mob,enhydrina zweifeli
1,197,4.44265,1.95601,3.95,3,ben,mob,enhydrina zweifeli
1,198,4.43082,0.34657,3.51,3,rf,mob,hemiaspis signata
1,199,4.65396,1.15129,3.49,3,rf,mob,hemiaspis signata
1,200,4.62986,1.95601,3.49,3,rf,mob,hemiaspis signata
1,201,4.43082,0.34657,4.5,3,rf,mob,hydrophis annandalei
1,202,4.81218,1.15129,4.5,3,rf,mob,hydrophis annandalei
1,203,4.62986,1.95601,4.5,3,rf,mob,hydrophis annandalei
1,204,4.62986,0.34657,4.5,3,ben,mob,hydrophis atriceps
1,205,4.62497,1.15129,4.5,3,ben,mob,hydrophis atriceps
1,206,4.28082,1.95601,4.5,3,ben,mob,hydrophis atriceps
1,207,4.62986,0.34657,4.5,3,ben,mob,hydrophis belcheri
1,208,4.62497,1.15129,4.5,3,ben,mob,hydrophis belcheri
1,209,4.52179,1.95601,4.5,3,ben,mob,hydrophis belcheri
1,210,4.62986,0.34657,4.5,3,ben,mob,hydrophis brookii
1,211,4.62497,1.15129,4.5,3,ben,mob,hydrophis brookii
1,212,4.52179,1.95601,4.5,3,ben,mob,hydrophis brookii
1,213,5.22451,0.34657,4.5,3,rf,mob,hydrophis donaldi
1,214,4.81218,1.15129,4.5,3,rf,mob,hydrophis donaldi
1,215,4.62986,1.95601,4.5,3,rf,mob,hydrophis donaldi
1,216,4.43082,0.34657,4.5,3,rf,mob,hydrophis gracilis
1,217,4.65396,1.15129,4.5,3,rf,mob,hydrophis gracilis
1,218,4.62986,1.95601,4.5,3,rf,mob,hydrophis gracilis
1,219,4.62497,0.34657,4.5,3,ben,mob,hydrophis klossi
1,220,4.62497,1.15129,4.5,3,ben,mob,hydrophis klossi
1,221,4.44265,1.95601,4.5,3,ben,mob,hydrophis klossi
1,222,4.62986,0.34657,4.5,3,ben,mob,hydrophis mamillaris
1,223,4.62497,1.15129,4.5,3,ben,mob,hydrophis mamillaris
1,224,4.44265,1.95601,4.5,3,ben,mob,hydrophis mamillaris
1,225,4.62497,0.34657,4.5,3,ben,mob,hydrophis melanosoma
1,226,4.62497,1.15129,4.5,3,ben,mob,hydrophis melanosoma
1,227,4.52179,1.95601,4.5,3,ben,mob,hydrophis melanosoma
1,228,4.62986,0.34657,4.5,3,ben,mob,hydrophis nigrocinctus
1,229,4.62497,1.15129,4.5,3,ben,mob,hydrophis nigrocinctus
1,230,4.28082,1.95601,4.5,3,ben,mob,hydrophis nigrocinctus
1,231,4.62986,0.34657,4.5,3,ben,mob,hydrophis obscurus
1,232,4.62497,1.15129,4.5,3,ben,mob,hydrophis obscurus
1,233,4.44265,1.95601,4.5,3,ben,mob,hydrophis obscurus
1,234,4.62497,0.34657,4.5,3,ben,mob,hydrophis pachycercos
1,235,4.62497,1.15129,4.5,3,ben,mob,hydrophis pachycercos
1,236,4.52179,1.95601,4.5,3,ben,mob,hydrophis pachycercos
1,237,4.62497,0.34657,4.5,3,ben,mob,hydrophis parviceps
1,238,4.62497,1.15129,4.5,3,ben,mob,hydrophis parviceps
1,239,4.44265,1.95601,4.5,3,ben,mob,hydrophis parviceps
1,240,4.5326,0.34657,4.5,3,rf,mob,hydrophis peronii
1,241,4.65396,1.15129,4.5,3,rf,mob,hydrophis peronii
1,242,4.62986,1.95601,4.5,3,rf,mob,hydrophis peronii
1,243,4.43082,0.34657,4.5,3,rf,mob,hydrophis platurus
1,244,4.43082,1.15129,4.5,3,rf,mob,hydrophis platurus
1,245,4.62986,1.95601,4.5,3,rf,mob,hydrophis platurus
1,246,4.43082,0.34657,4.5,3,rf,mob,hydrophis stokesii
1,247,4.65396,1.15129,4.5,3,rf,mob,hydrophis stokesii
1,248,4.62986,1.95601,4.5,3,rf,mob,hydrophis stokesii
1,249,4.62986,0.34657,4.5,3,ben,mob,hydrophis stricticollis
1,250,4.62497,1.15129,4.5,3,ben,mob,hydrophis stricticollis
1,251,4.44265,1.95601,4.5,3,ben,mob,hydrophis stricticollis
1,252,4.62497,0.34657,4.5,3,ben,mob,hydrophis torquatus
1,253,4.62497,1.15129,4.5,3,ben,mob,hydrophis torquatus
1,254,4.52179,1.95601,4.5,3,ben,mob,hydrophis torquatus
1,255,4.43082,0.34657,4.5,3,rf,mob,hydrophis viperinus
1,256,4.43082,1.15129,4.5,3,rf,mob,hydrophis viperinus
1,257,4.62986,1.95601,4.5,3,rf,mob,hydrophis viperinus
1,258,4.62986,0.34657,4.5,3,ben,mob,hydrophis vorisi
1,259,4.62497,1.15129,4.5,3,ben,mob,hydrophis vorisi
1,260,4.52179,1.95601,4.5,3,ben,mob,hydrophis vorisi
1,261,4.62986,0.34657,3.49,3,ben,mob,kerilia jerdoni
1,262,4.62497,1.15129,3.95,3,ben,mob,kerilia jerdoni
1,263,4.52179,1.95601,3.51,3,ben,mob,kerilia jerdoni
1,264,4.28082,0.34657,3.49,3,rf,mob,lapemis hardwickii
1,265,4.65396,1.15129,3.49,3,rf,mob,lapemis hardwickii
1,266,4.46591,1.95601,3.49,3,rf,mob,lapemis hardwickii
1,267,4.5326,0.34657,3.95,3,rf,mob,parapistocalamus hedigeri
1,268,4.43082,1.15129,3.49,3,rf,mob,parapistocalamus hedigeri
1,269,4.62986,1.95601,3.49,3,rf,mob,parapistocalamus hedigeri
1,270,4.43082,0.34657,3.49,3,rf,mob,pseudonaja elliotti
1,271,4.81218,1.15129,3.51,3,rf,mob,pseudonaja elliotti
1,272,4.62986,1.95601,3.49,3,rf,mob,pseudonaja elliotti
1,273,4.81218,0.34657,3.49,3,rf,mob,tropidechis sadlieri
1,274,4.28082,1.15129,3.49,3,rf,mob,tropidechis sadlieri
1,275,4.46591,1.95601,3.49,3,rf,mob,tropidechis sadlieri
1,276,5.90808,0.34657,2.15,3.61775,rf,mob,amblyrhynchus cristatus
1,277,5.90808,1.95601,2.15,5.7884,rf,mob,amblyrhynchus cristatus
1,278,4.5326,5.75646,4.15,2.8942,bp,mig,dermochelys coriacea
1,279,4.69135,5.75646,4.15,16.1,bp,mig,dermochelys coriacea
1,280,4.62986,1.95601,3.49,10,ben,mig,lepidochelys kempii
1,281,4.62986,1.15129,3.49,9,ben,mig,lepidochelys kempii
1,282,4.28082,0.34657,3.38,6.51195,bp,mig,lepidochelys olivacea
2,1,4.62497,5.09375,3.55,21,bp,mig,caretta caretta
2,2,4.62497,5.09375,3.55,10.85325,bp,mig,caretta caretta
2,3,4.62497,5.15906,3.55,21,bp,mig,caretta caretta
2,4,4.62497,5.15906,3.55,10.85325,bp,mig,caretta caretta
2,5,4.62497,4.86753,3.55,21,bp,mig,caretta caretta
2,6,4.62497,4.86753,3.55,10.85325,bp,mig,caretta caretta
2,7,4.62497,4.89784,3.55,21,bp,mig,caretta caretta
2,8,4.62497,4.89784,3.55,10.85325,bp,mig,caretta caretta
2,9,4.62497,5.04986,3.55,21,bp,mig,caretta caretta
2,10,4.62497,5.04986,3.55,10.85325,bp,mig,caretta caretta
2,11,4.62497,5.24702,3.55,21,bp,mig,caretta caretta
2,12,4.62497,5.24702,3.55,10.85325,bp,mig,caretta caretta
2,13,4.62497,5.23644,3.55,21,bp,mig,caretta caretta
2,14,4.62497,5.23644,3.55,10.85325,bp,mig,caretta caretta
2,15,4.62497,5.28827,3.55,21,bp,mig,caretta caretta
2,16,4.62497,5.28827,3.55,10.85325,bp,mig,caretta caretta
2,17,4.62497,5.07517,3.55,21,bp,mig,caretta caretta
2,18,4.62497,5.07517,3.55,10.85325,bp,mig,caretta caretta
2,19,4.62497,4.7362,3.55,21,bp,mig,caretta caretta
2,20,4.62497,4.7362,3.55,10.85325,bp,mig,caretta caretta
2,21,4.62497,5.75646,3.55,25,bp,mig,caretta caretta
2,22,4.62986,7.24208,2.34,6.51195,pel,mig,chelonia mydas
2,23,4.62986,7.24208,2.34,36.17752,pel,mig,chelonia mydas
2,24,4.62986,7.24208,2.34,23.87716,pel,mig,chelonia mydas
2,25,4.62986,7.24208,2.34,18.08876,pel,mig,chelonia mydas
2,26,4.62986,7.24208,2.34,25.32426,pel,mig,chelonia mydas
2,27,4.62986,7.24208,2.34,19.53586,pel,mig,chelonia mydas
2,28,4.62986,5.02388,2.34,6.51195,pel,mig,chelonia mydas
2,29,4.62986,5.02388,2.34,36.17752,pel,mig,chelonia mydas
2,30,4.62986,5.02388,2.34,23.87716,pel,mig,chelonia mydas
2,31,4.62986,5.02388,2.34,18.08876,pel,mig,chelonia mydas
2,32,4.62986,5.02388,2.34,25.32426,pel,mig,chelonia mydas
2,33,4.62986,5.02388,2.34,19.53586,pel,mig,chelonia mydas
2,34,4.62986,5.75646,2.34,25,pel,mig,chelonia mydas
2,35,4.46591,5.30827,3.51,3.5,rf,mig,eretmochelys imbricata
2,36,4.46591,5.32788,3.51,3.5,rf,mig,eretmochelys imbricata
2,37,4.46591,5.12396,3.51,3.5,rf,mig,eretmochelys imbricata
2,38,4.46591,5.18739,3.51,3.5,rf,mig,eretmochelys imbricata
2,39,4.46591,4.72739,3.51,3.5,rf,mig,eretmochelys imbricata
2,40,4.46591,5.2832,3.51,3.5,rf,mig,eretmochelys imbricata
2,41,4.46591,4.78749,3.51,3.5,rf,mig,eretmochelys imbricata
2,42,4.46591,5.2575,3.51,3.5,rf,mig,eretmochelys imbricata
2,43,4.46591,5.36129,3.51,3.5,rf,mig,eretmochelys imbricata
2,44,4.46591,5.40717,3.51,3.5,rf,mig,eretmochelys imbricata
2,45,4.46591,5.75646,3.51,25,rf,mig,eretmochelys imbricata
2,46,4.28082,5.75646,3.38,15,bp,mig,lepidochelys olivacea
2,47,4.81218,5.75646,4.15,15,bp,mig,dermochelys coriacea
2,48,4.5326,0.34657,4.5,3,rf,mob,laticauda colubrina
2,49,4.5326,1.15129,4.5,3,rf,mob,laticauda colubrina
2,50,4.5326,1.95601,4.5,3,rf,mob,laticauda colubrina
2,51,4.11087,5.75646,3.49,15,ben,mig,lepidochelys kempii
2,52,4.56954,4.2586,3.39,25,bp,mig,natator depressa
2,53,5.99146,3.45388,3.95,15,pel,mob,crocodylus porosus
2,54,5.90808,0.34657,2.15,3,rf,mob,amblyrhynchus cristatus
2,55,5.90808,1.15129,2.15,3,rf,mob,amblyrhynchus cristatus
2,56,5.90808,1.95601,2.15,3,rf,mob,amblyrhynchus cristatus
2,57,4.36628,0.34657,4.5,3,bp,mob,acrochordus granulatus
2,58,4.36628,1.15129,4.5,3,bp,mob,acrochordus granulatus
2,59,4.36628,1.95601,4.5,3,bp,mob,acrochordus granulatus
2,60,4.20469,1.95601,2.15,15,ben,mig,cerberus rynchops
2,61,4.09434,1.95601,2.15,3.5,ben,mob,cerberus rynchops
2,62,4.52179,0.34657,4.4,3,ben,mob,aipysurus apraefrontalis
2,63,4.52179,1.15129,4.4,3,ben,mob,aipysurus apraefrontalis
2,64,4.52179,1.95601,4.4,3,ben,mob,aipysurus apraefrontalis
2,65,4.69135,0.34657,4.5,3,rf,mob,aipysurus duboisii
2,66,4.69135,1.15129,4.5,3,rf,mob,aipysurus duboisii
2,67,4.69135,1.95601,4.5,3,rf,mob,aipysurus duboisii
2,68,4.44265,0.34657,4.4,3,ben,mob,aipysurus eydouxi
2,69,4.44265,1.15129,4.4,3,ben,mob,aipysurus eydouxi
2,70,4.44265,1.95601,4.4,3,ben,mob,aipysurus eydouxi
2,71,4.65396,0.34657,4.3,3,rf,mob,aipysurus laevis
2,72,4.65396,1.15129,4.3,3,rf,mob,aipysurus laevis
2,73,4.65396,1.95601,4.3,3,rf,mob,aipysurus laevis
2,74,5.05465,0.34657,4.5,3,ben,mob,hydrophis kingii
2,75,5.05465,1.15129,4.5,3,ben,mob,hydrophis kingii
2,76,5.05465,1.95601,4.5,3,ben,mob,hydrophis kingii
2,77,4.7185,0.34657,4.5,3,ben,mob,hydrophis major
2,78,4.7185,1.15129,4.5,3,ben,mob,hydrophis major
2,79,4.7185,1.95601,4.5,3,ben,mob,hydrophis major
2,80,4.49424,0.34657,4,3,rf,mob,emydocephalus annulatus
2,81,4.49424,1.15129,4,3,rf,mob,emydocephalus annulatus
2,82,4.49424,1.95601,4,3,rf,mob,emydocephalus annulatus
2,83,4.31749,0.34657,4,3,ben,mob,emydocephalus ijimae
2,84,4.31749,1.15129,4,3,ben,mob,emydocephalus ijimae
2,85,4.31749,1.95601,4,3,ben,mob,emydocephalus ijimae
2,86,4.61413,0.34657,4.5,3,rf,mob,hydrophis schistosus
2,87,4.61413,1.15129,4.5,3,rf,mob,hydrophis schistosus
2,88,4.61413,1.95601,4.5,3,rf,mob,hydrophis schistosus
2,89,4.7185,0.34657,4.5,3,ben,mob,hydrophis bituberculatus
2,90,4.7185,1.15129,4.5,3,ben,mob,hydrophis bituberculatus
2,91,4.7185,1.95601,4.5,3,ben,mob,hydrophis bituberculatus
2,92,4.43082,0.34657,4.5,3,bp,mob,polyodontognathus caerulescens
2,93,4.43082,1.15129,4.5,3,bp,mob,polyodontognathus caerulescens
2,94,4.43082,1.95601,4.5,3,bp,mob,polyodontognathus caerulescens
2,95,4.91998,0.34657,4.5,3,ben,mob,hydrophis coggeri
2,96,4.91998,1.15129,4.5,3,ben,mob,hydrophis coggeri
2,97,4.91998,1.95601,4.5,3,ben,mob,hydrophis coggeri
2,98,4.86753,0.34657,4.5,3,rf,mob,hydrophis cyanocinctus
2,99,4.86753,1.15129,4.5,3,rf,mob,hydrophis cyanocinctus
2,100,4.86753,1.95601,4.5,3,rf,mob,hydrophis cyanocinctus
2,101,4.58497,0.34657,4.5,3,ben,mob,hydrophis czeblukovi
2,102,4.58497,1.15129,4.5,3,ben,mob,hydrophis czeblukovi
2,103,4.58497,1.95601,4.5,3,ben,mob,hydrophis czeblukovi
2,104,5.26269,0.34657,4.5,3,ben,mob,hydrophis elegans
2,105,5.26269,1.15129,4.5,3,ben,mob,hydrophis elegans
2,106,5.26269,1.95601,4.5,3,ben,mob,hydrophis elegans
2,107,4.13517,0.34657,4.5,3,ben,mob,hydrophis fasciatus
2,108,4.13517,1.15129,4.5,3,ben,mob,hydrophis fasciatus
2,109,4.13517,1.95601,4.5,3,ben,mob,hydrophis fasciatus
2,110,4.52179,0.34657,4.5,3,ben,mob,hydrophis inornatus
2,111,4.52179,1.15129,4.5,3,ben,mob,hydrophis inornatus
2,112,4.52179,1.95601,4.5,3,ben,mob,hydrophis inornatus
2,113,5.22451,0.34657,4.5,3,rf,mob,chitulia laboutei
2,114,5.22451,1.15129,4.5,3,rf,mob,chitulia laboutei
2,115,5.22451,1.95601,4.5,3,rf,mob,chitulia laboutei
2,116,4.82831,0.34657,4.5,3,ben,mob,hydrophis lamberti
2,117,4.82831,1.15129,4.5,3,ben,mob,hydrophis lamberti
2,118,4.82831,1.95601,4.5,3,ben,mob,hydrophis lamberti
2,119,4.72562,0.34657,4.5,3,rf,mob,hydrophis lapemoides
2,120,4.72562,1.15129,4.5,3,rf,mob,hydrophis lapemoides
2,121,4.72562,1.95601,4.5,3,rf,mob,hydrophis lapemoides
2,122,5.01064,0.34657,4.5,3,ben,mob,hydrophis melanocephalus
2,123,5.01064,1.15129,4.5,3,ben,mob,hydrophis melanocephalus
2,124,5.01064,1.95601,4.5,3,ben,mob,hydrophis melanocephalus
2,125,4.82831,0.34657,4.5,3,rf,mob,hydrophis ornatus
2,126,4.82831,1.15129,4.5,3,rf,mob,hydrophis ornatus
2,127,4.82831,1.95601,4.5,3,rf,mob,hydrophis ornatus
2,128,5.07829,0.34657,4.5,3,ben,mob,hydrophis pacificus
2,129,5.07829,1.15129,4.5,3,ben,mob,hydrophis pacificus
2,130,5.07829,1.95601,4.5,3,ben,mob,hydrophis pacificus
2,131,7.46451,0.34657,4.5,3,rf,mob,hydrophis spiralis
2,132,7.46451,1.15129,4.5,3,rf,mob,hydrophis spiralis
2,133,7.46451,1.95601,4.5,3,rf,mob,hydrophis spiralis
2,134,4.63473,0.34657,4.5,3,rf,mob,hydrophis curtus
2,135,4.63473,1.15129,4.5,3,rf,mob,hydrophis curtus
2,136,4.63473,1.95601,4.5,3,rf,mob,hydrophis curtus
2,137,4.91265,0.34657,4.5,3,ben,mob,laticauda laticaudata
2,138,4.91265,1.15129,4.5,3,ben,mob,laticauda laticaudata
2,139,4.91265,1.95601,4.5,3,ben,mob,laticauda laticaudata
2,140,2.85647,0.34657,4.5,3,ben,mob,microcephalophis cantoris
2,141,2.85647,1.15129,4.5,3,ben,mob,microcephalophis cantoris
2,142,2.85647,1.95601,4.5,3,ben,mob,microcephalophis cantoris
2,143,3.7495,0.34657,4.5,3,ben,mob,thalassophis anomalus
2,144,3.7495,1.15129,4.5,3,ben,mob,thalassophis anomalus
2,145,3.7495,1.95601,4.5,3,ben,mob,thalassophis anomalus
2,146,4.69135,0.34657,4.5,3,rf,mob,laticauda saintgironsi
2,147,4.69135,1.15129,4.5,3,rf,mob,laticauda saintgironsi
2,148,4.69135,1.95601,4.5,3,rf,mob,laticauda saintgironsi
2,149,4.18052,0.34657,4.5,3,ben,mob,laticauda frontalis
2,150,4.18052,1.15129,4.5,3,ben,mob,laticauda frontalis
2,151,4.18052,1.95601,4.5,3,ben,mob,laticauda frontalis
2,152,4.45435,0.34657,4.5,3,ben,mob,hydrophis mcdowelli
2,153,4.45435,1.15129,4.5,3,ben,mob,hydrophis mcdowelli
2,154,4.45435,1.95601,4.5,3,ben,mob,hydrophis mcdowelli
2,155,4.31749,3.45388,3.95,15,ben,mob,crocodylus acutus
2,156,4.46591,0.34657,4.5,3,ben,mob,acrochordus arafurae
2,157,4.62986,1.15129,4.5,3,ben,mob,acrochordus arafurae
2,158,4.44265,1.95601,4.5,3,ben,mob,acrochordus arafurae
2,159,4.46591,0.34657,4.5,3,ben,mob,acrochordus javanicus
2,160,4.52179,1.15129,4.5,3,ben,mob,acrochordus javanicus
2,161,4.44265,1.95601,4.5,3,ben,mob,acrochordus javanicus
2,162,4.62986,0.34657,4.5,3,ben,mob,ephalophis greyi
2,163,5.90808,1.15129,4.5,3,ben,mob,ephalophis greyi
2,164,5.99146,1.95601,4.5,3,ben,mob,ephalophis greyi
2,165,4.62986,0.34657,4.5,3,ben,mob,hydrelaps darwiniensis
2,166,4.5326,1.15129,4.5,3,ben,mob,hydrelaps darwiniensis
2,167,5.90808,1.95601,4.5,3,ben,mob,hydrelaps darwiniensis
2,168,5.90808,0.34657,4.5,3,ben,mob,laticauda guineai
2,169,5.90808,1.15129,4.5,3,ben,mob,laticauda guineai
2,170,5.99146,1.95601,4.5,3,ben,mob,laticauda guineai
2,171,5.90808,0.34657,4.5,3,ben,mob,laticauda schistorhyncha
2,172,4.69135,1.15129,4.5,3,ben,mob,laticauda schistorhyncha
2,173,5.90808,1.95601,4.5,3,ben,mob,laticauda schistorhyncha
2,174,5.90808,0.34657,4.5,3,rf,mob,laticauda semifasciata
2,175,4.69135,1.15129,4.5,3,rf,mob,laticauda semifasciata
2,176,4.69135,1.95601,4.5,3,rf,mob,laticauda semifasciata
2,177,5.90808,0.34657,4.5,3,ben,mob,parahydrophis mertoni
2,178,5.90808,1.15129,4.5,3,ben,mob,parahydrophis mertoni
2,179,4.69135,1.95601,4.5,3,ben,mob,parahydrophis mertoni
2,180,4.69135,0.34657,4.4,3,ben,mob,aipysurus foliosquama
2,181,5.90808,1.15129,4.4,3,ben,mob,aipysurus foliosquama
2,182,4.86753,1.95601,4.4,3,ben,mob,aipysurus foliosquama
2,183,4.69135,0.34657,4.4,3,ben,mob,aipysurus fuscus
2,184,5.90808,1.15129,4.4,3,ben,mob,aipysurus fuscus
2,185,4.69135,1.95601,4.4,3,ben,mob,aipysurus fuscus
2,186,5.90808,0.34657,4.4,3,rf,mob,aipysurus mosaicus
2,187,5.90808,1.15129,4.4,3,rf,mob,aipysurus mosaicus
2,188,5.90808,1.95601,4.4,3,rf,mob,aipysurus mosaicus
2,189,5.90808,0.34657,4.4,3,ben,mob,aipysurus tenuis
2,190,4.69135,1.15129,4.4,3,ben,mob,aipysurus tenuis
2,191,4.5326,1.95601,4.4,3,ben,mob,aipysurus tenuis
2,192,5.90808,0.34657,4.5,3,ben,mob,disteira walli
2,193,5.90808,1.15129,4.5,3,ben,mob,disteira walli
2,194,4.69135,1.95601,4.5,3,ben,mob,disteira walli
2,195,5.90808,0.34657,4.5,3,ben,mob,enhydrina zweifeli
2,196,5.99146,1.15129,4.5,3,ben,mob,enhydrina zweifeli
2,197,4.69135,1.95601,4.5,3,ben,mob,enhydrina zweifeli
2,198,5.99146,0.34657,4.5,3,rf,mob,hemiaspis signata
2,199,4.69135,1.15129,4.5,3,rf,mob,hemiaspis signata
2,200,4.63473,1.95601,4.5,3,rf,mob,hemiaspis signata
2,201,4.69135,0.34657,4.5,3,rf,mob,hydrophis annandalei
2,202,4.69135,1.15129,4.5,3,rf,mob,hydrophis annandalei
2,203,5.99146,1.95601,4.5,3,rf,mob,hydrophis annandalei
2,204,5.90808,0.34657,4.5,3,ben,mob,hydrophis atriceps
2,205,5.99146,1.15129,4.5,3,ben,mob,hydrophis atriceps
2,206,4.69135,1.95601,4.5,3,ben,mob,hydrophis atriceps
2,207,5.99146,0.34657,4.5,3,ben,mob,hydrophis belcheri
2,208,5.90808,1.15129,4.5,3,ben,mob,hydrophis belcheri
2,209,4.69135,1.95601,4.5,3,ben,mob,hydrophis belcheri
2,210,5.99146,0.34657,4.5,3,ben,mob,hydrophis brookii
2,211,5.90808,1.15129,4.5,3,ben,mob,hydrophis brookii
2,212,5.90808,1.95601,4.5,3,ben,mob,hydrophis brookii
2,213,5.90808,0.34657,4.5,3,rf,mob,hydrophis donaldi
2,214,5.90808,1.15129,4.5,3,rf,mob,hydrophis donaldi
2,215,5.90808,1.95601,4.5,3,rf,mob,hydrophis donaldi
2,216,5.90808,0.34657,4.5,3,rf,mob,hydrophis gracilis
2,217,5.90808,1.15129,4.5,3,rf,mob,hydrophis gracilis
2,218,5.90808,1.95601,4.5,3,rf,mob,hydrophis gracilis
2,219,5.90808,0.34657,4.5,3,ben,mob,hydrophis klossi
2,220,5.99146,1.15129,4.5,3,ben,mob,hydrophis klossi
2,221,5.90808,1.95601,4.5,3,ben,mob,hydrophis klossi
2,222,5.90808,0.34657,4.5,3,ben,mob,hydrophis mamillaris
2,223,5.99146,1.15129,4.5,3,ben,mob,hydrophis mamillaris
2,224,5.90808,1.95601,4.5,3,ben,mob,hydrophis mamillaris
2,225,4.69135,0.34657,4.5,3,ben,mob,hydrophis melanosoma
2,226,5.90808,1.15129,4.5,3,ben,mob,hydrophis melanosoma
2,227,5.90808,1.95601,4.5,3,ben,mob,hydrophis melanosoma
2,228,5.90808,0.34657,4.5,3,ben,mob,hydrophis nigrocinctus
2,229,4.69135,1.15129,4.5,3,ben,mob,hydrophis nigrocinctus
2,230,5.90808,1.95601,4.5,3,ben,mob,hydrophis nigrocinctus
2,231,5.90808,0.34657,4.5,3,ben,mob,hydrophis obscurus
2,232,5.99146,1.15129,4.5,3,ben,mob,hydrophis obscurus
2,233,4.69135,1.95601,4.5,3,ben,mob,hydrophis obscurus
2,234,5.90808,0.34657,4.5,3,ben,mob,hydrophis pachycercos
2,235,5.90808,1.15129,4.5,3,ben,mob,hydrophis pachycercos
2,236,5.90808,1.95601,4.5,3,ben,mob,hydrophis pachycercos
2,237,5.90808,0.34657,4.5,3,ben,mob,hydrophis parviceps
2,238,5.90808,1.15129,4.5,3,ben,mob,hydrophis parviceps
2,239,5.90808,1.95601,4.5,3,ben,mob,hydrophis parviceps
2,240,5.99146,0.34657,4.5,3,rf,mob,hydrophis peronii
2,241,5.90808,1.15129,4.5,3,rf,mob,hydrophis peronii
2,242,5.90808,1.95601,4.5,3,rf,mob,hydrophis peronii
2,243,5.99146,0.34657,4.5,3,rf,mob,hydrophis platurus
2,244,5.99146,1.15129,4.5,3,rf,mob,hydrophis platurus
2,245,5.90808,1.95601,4.5,3,rf,mob,hydrophis platurus
2,246,5.90808,0.34657,4.5,3,rf,mob,hydrophis stokesii
2,247,4.69135,1.15129,4.5,3,rf,mob,hydrophis stokesii
2,248,5.99146,1.95601,4.5,3,rf,mob,hydrophis stokesii
2,249,5.90808,0.34657,4.5,3,ben,mob,hydrophis stricticollis
2,250,5.90808,1.15129,4.5,3,ben,mob,hydrophis stricticollis
2,251,5.90808,1.95601,4.5,3,ben,mob,hydrophis stricticollis
2,252,5.99146,0.34657,4.5,3,ben,mob,hydrophis torquatus
2,253,5.90808,1.15129,4.5,3,ben,mob,hydrophis torquatus
2,254,5.90808,1.95601,4.5,3,ben,mob,hydrophis torquatus
2,255,5.90808,0.34657,4.5,3,rf,mob,hydrophis viperinus
2,256,5.90808,1.15129,4.5,3,rf,mob,hydrophis viperinus
2,257,5.99146,1.95601,4.5,3,rf,mob,hydrophis viperinus
2,258,5.90808,0.34657,4.5,3,ben,mob,hydrophis vorisi
2,259,5.90808,1.15129,4.5,3,ben,mob,hydrophis vorisi
2,260,5.90808,1.95601,4.5,3,ben,mob,hydrophis vorisi
2,261,5.99146,0.34657,4.5,3,ben,mob,kerilia jerdoni
2,262,5.99146,1.15129,4.5,3,ben,mob,kerilia jerdoni
2,263,4.69135,1.95601,4.5,3,ben,mob,kerilia jerdoni
2,264,5.90808,0.34657,4.5,3,rf,mob,lapemis hardwickii
2,265,4.69135,1.15129,4.5,3,rf,mob,lapemis hardwickii
2,266,5.99146,1.95601,4.5,3,rf,mob,lapemis hardwickii
2,267,5.90808,0.34657,4.5,3,rf,mob,parapistocalamus hedigeri
2,268,5.90808,1.15129,4.5,3,rf,mob,parapistocalamus hedigeri
2,269,4.5326,1.95601,4.5,3,rf,mob,parapistocalamus hedigeri
2,270,5.90808,0.34657,4.5,3,rf,mob,pseudonaja elliotti
2,271,4.5326,1.15129,4.5,3,rf,mob,pseudonaja elliotti
2,272,5.90808,1.95601,4.5,3,rf,mob,pseudonaja elliotti
2,273,5.90808,0.34657,4.5,3,rf,mob,tropidechis sadlieri
2,274,5.90808,1.15129,4.5,3,rf,mob,tropidechis sadlieri
2,275,5.99146,1.95601,4.5,3,rf,mob,tropidechis sadlieri
2,276,4.69135,1.15129,2.15,3.61775,rf,mob,amblyrhynchus cristatus
2,277,5.90808,0.34657,2.15,5.7884,rf,mob,amblyrhynchus cristatus
2,278,4.31749,5.02388,4.15,2.8942,bp,mig,dermochelys coriacea
2,279,2.85647,5.02388,4.15,16.1,bp,mig,dermochelys coriacea
2,280,3.7495,1.15129,3.49,10,ben,mig,lepidochelys kempii
2,281,4.28082,0.34657,3.49,9,ben,mig,lepidochelys kempii
2,282,4.36628,1.15129,3.38,6.51195,bp,mig,lepidochelys olivacea
3,1,4.62497,5.09375,3.55,21,bp,mig,caretta caretta
3,2,4.62497,5.09375,3.55,10.85325,bp,mig,caretta caretta
3,3,4.62497,5.15906,3.55,21,bp,mig,caretta caretta
3,4,4.62497,5.15906,3.55,10.85325,bp,mig,caretta caretta
3,5,4.62497,4.86753,3.55,21,bp,mig,caretta caretta
3,6,4.62497,4.86753,3.55,10.85325,bp,mig,caretta caretta
3,7,4.62497,4.89784,3.55,21,bp,mig,caretta caretta
3,8,4.62497,4.89784,3.55,10.85325,bp,mig,caretta caretta
3,9,4.62497,5.04986,3.55,21,bp,mig,caretta caretta
3,10,4.62497,5.04986,3.55,10.85325,bp,mig,caretta caretta
3,11,4.62497,5.24702,3.55,21,bp,mig,caretta caretta
3,12,4.62497,5.24702,3.55,10.85325,bp,mig,caretta caretta
3,13,4.62497,5.23644,3.55,21,bp,mig,caretta caretta
3,14,4.62497,5.23644,3.55,10.85325,bp,mig,caretta caretta
3,15,4.62497,5.28827,3.55,21,bp,mig,caretta caretta
3,16,4.62497,5.28827,3.55,10.85325,bp,mig,caretta caretta
3,17,4.62497,5.07517,3.55,21,bp,mig,caretta caretta
3,18,4.62497,5.07517,3.55,10.85325,bp,mig,caretta caretta
3,19,4.62497,4.7362,3.55,21,bp,mig,caretta caretta
3,20,4.62497,4.7362,3.55,10.85325,bp,mig,caretta caretta
3,21,4.62497,5.75646,3.55,25,bp,mig,caretta caretta
3,22,4.62986,7.24208,2.34,6.51195,pel,mig,chelonia mydas
3,23,4.62986,7.24208,2.34,36.17752,pel,mig,chelonia mydas
3,24,4.62986,7.24208,2.34,23.87716,pel,mig,chelonia mydas
3,25,4.62986,7.24208,2.34,18.08876,pel,mig,chelonia mydas
3,26,4.62986,7.24208,2.34,25.32426,pel,mig,chelonia mydas
3,27,4.62986,7.24208,2.34,19.53586,pel,mig,chelonia mydas
3,28,4.62986,5.02388,2.34,6.51195,pel,mig,chelonia mydas
3,29,4.62986,5.02388,2.34,36.17752,pel,mig,chelonia mydas
3,30,4.62986,5.02388,2.34,23.87716,pel,mig,chelonia mydas
3,31,4.62986,5.02388,2.34,18.08876,pel,mig,chelonia mydas
3,32,4.62986,5.02388,2.34,25.32426,pel,mig,chelonia mydas
3,33,4.62986,5.02388,2.34,19.53586,pel,mig,chelonia mydas
3,34,4.62986,5.75646,2.34,25,pel,mig,chelonia mydas
3,35,4.46591,5.30827,3.51,3.5,rf,mig,eretmochelys imbricata
3,36,4.46591,5.32788,3.51,3.5,rf,mig,eretmochelys imbricata
3,37,4.46591,5.12396,3.51,3.5,rf,mig,eretmochelys imbricata
3,38,4.46591,5.18739,3.51,3.5,rf,mig,eretmochelys imbricata
3,39,4.46591,4.72739,3.51,3.5,rf,mig,eretmochelys imbricata
3,40,4.46591,5.2832,3.51,3.5,rf,mig,eretmochelys imbricata
3,41,4.46591,4.78749,3.51,3.5,rf,mig,eretmochelys imbricata
3,42,4.46591,5.2575,3.51,3.5,rf,mig,eretmochelys imbricata
3,43,4.46591,5.36129,3.51,3.5,rf,mig,eretmochelys imbricata
3,44,4.46591,5.40717,3.51,3.5,rf,mig,eretmochelys imbricata
3,45,4.46591,5.75646,3.51,25,rf,mig,eretmochelys imbricata
3,46,4.28082,5.75646,3.38,15,bp,mig,lepidochelys olivacea
3,47,4.81218,5.75646,4.15,15,bp,mig,dermochelys coriacea
3,48,4.5326,0.34657,4.5,3,rf,mob,laticauda colubrina
3,49,4.5326,1.15129,4.5,3,rf,mob,laticauda colubrina
3,50,4.5326,1.95601,4.5,3,rf,mob,laticauda colubrina
3,51,4.11087,5.75646,3.49,15,ben,mig,lepidochelys kempii
3,52,4.56954,4.2586,3.39,25,bp,mig,natator depressa
3,53,5.99146,3.45388,3.95,15,pel,mob,crocodylus porosus
3,54,5.90808,0.34657,2.15,3,rf,mob,amblyrhynchus cristatus
3,55,5.90808,1.15129,2.15,3,rf,mob,amblyrhynchus cristatus
3,56,5.90808,1.95601,2.15,3,rf,mob,amblyrhynchus cristatus
3,57,4.36628,0.34657,4.5,3,bp,mob,acrochordus granulatus
3,58,4.36628,1.15129,4.5,3,bp,mob,acrochordus granulatus
3,59,4.36628,1.95601,4.5,3,bp,mob,acrochordus granulatus
3,60,4.20469,1.95601,4.5,6.51195,ben,mob,cerberus rynchops
3,61,4.09434,1.15129,4.5,18.08876,ben,mig,cerberus rynchops
3,62,4.52179,0.34657,4.4,3,ben,mob,aipysurus apraefrontalis
3,63,4.52179,1.15129,4.4,3,ben,mob,aipysurus apraefrontalis
3,64,4.52179,1.95601,4.4,3,ben,mob,aipysurus apraefrontalis
3,65,4.69135,0.34657,4.5,3,rf,mob,aipysurus duboisii
3,66,4.69135,1.15129,4.5,3,rf,mob,aipysurus duboisii
3,67,4.69135,1.95601,4.5,3,rf,mob,aipysurus duboisii
3,68,4.44265,0.34657,4.4,3,ben,mob,aipysurus eydouxi
3,69,4.44265,1.15129,4.4,3,ben,mob,aipysurus eydouxi
3,70,4.44265,1.95601,4.4,3,ben,mob,aipysurus eydouxi
3,71,4.65396,0.34657,4.3,3,rf,mob,aipysurus laevis
3,72,4.65396,1.15129,4.3,3,rf,mob,aipysurus laevis
3,73,4.65396,1.95601,4.3,3,rf,mob,aipysurus laevis
3,74,5.05465,0.34657,4.5,3,ben,mob,hydrophis kingii
3,75,5.05465,1.15129,4.5,3,ben,mob,hydrophis kingii
3,76,5.05465,1.95601,4.5,3,ben,mob,hydrophis kingii
3,77,4.7185,0.34657,4.5,3,ben,mob,hydrophis major
3,78,4.7185,1.15129,4.5,3,ben,mob,hydrophis major
3,79,4.7185,1.95601,4.5,3,ben,mob,hydrophis major
3,80,4.49424,0.34657,4,3,rf,mob,emydocephalus annulatus
3,81,4.49424,1.15129,4,3,rf,mob,emydocephalus annulatus
3,82,4.49424,1.95601,4,3,rf,mob,emydocephalus annulatus
3,83,4.31749,0.34657,4,3,ben,mob,emydocephalus ijimae
3,84,4.31749,1.15129,4,3,ben,mob,emydocephalus ijimae
3,85,4.31749,1.95601,4,3,ben,mob,emydocephalus ijimae
3,86,4.61413,0.34657,4.5,3,rf,mob,hydrophis schistosus
3,87,4.61413,1.15129,4.5,3,rf,mob,hydrophis schistosus
3,88,4.61413,1.95601,4.5,3,rf,mob,hydrophis schistosus
3,89,4.7185,0.34657,4.5,3,ben,mob,hydrophis bituberculatus
3,90,4.7185,1.15129,4.5,3,ben,mob,hydrophis bituberculatus
3,91,4.7185,1.95601,4.5,3,ben,mob,hydrophis bituberculatus
3,92,4.43082,0.34657,4.5,3,bp,mob,polyodontognathus caerulescens
3,93,4.43082,1.15129,4.5,3,bp,mob,polyodontognathus caerulescens
3,94,4.43082,1.95601,4.5,3,bp,mob,polyodontognathus caerulescens
3,95,4.91998,0.34657,4.5,3,ben,mob,hydrophis coggeri
3,96,4.91998,1.15129,4.5,3,ben,mob,hydrophis coggeri
3,97,4.91998,1.95601,4.5,3,ben,mob,hydrophis coggeri
3,98,4.86753,0.34657,4.5,3,rf,mob,hydrophis cyanocinctus
3,99,4.86753,1.15129,4.5,3,rf,mob,hydrophis cyanocinctus
3,100,4.86753,1.95601,4.5,3,rf,mob,hydrophis cyanocinctus
3,101,4.58497,0.34657,4.5,3,ben,mob,hydrophis czeblukovi
3,102,4.58497,1.15129,4.5,3,ben,mob,hydrophis czeblukovi
3,103,4.58497,1.95601,4.5,3,ben,mob,hydrophis czeblukovi
3,104,5.26269,0.34657,4.5,3,ben,mob,hydrophis elegans
3,105,5.26269,1.15129,4.5,3,ben,mob,hydrophis elegans
3,106,5.26269,1.95601,4.5,3,ben,mob,hydrophis elegans
3,107,4.13517,0.34657,4.5,3,ben,mob,hydrophis fasciatus
3,108,4.13517,1.15129,4.5,3,ben,mob,hydrophis fasciatus
3,109,4.13517,1.95601,4.5,3,ben,mob,hydrophis fasciatus
3,110,4.52179,0.34657,4.5,3,ben,mob,hydrophis inornatus
3,111,4.52179,1.15129,4.5,3,ben,mob,hydrophis inornatus
3,112,4.52179,1.95601,4.5,3,ben,mob,hydrophis inornatus
3,113,5.22451,0.34657,4.5,3,rf,mob,chitulia laboutei
3,114,5.22451,1.15129,4.5,3,rf,mob,chitulia laboutei
3,115,5.22451,1.95601,4.5,3,rf,mob,chitulia laboutei
3,116,4.82831,0.34657,4.5,3,ben,mob,hydrophis lamberti
3,117,4.82831,1.15129,4.5,3,ben,mob,hydrophis lamberti
3,118,4.82831,1.95601,4.5,3,ben,mob,hydrophis lamberti
3,119,4.72562,0.34657,4.5,3,rf,mob,hydrophis lapemoides
3,120,4.72562,1.15129,4.5,3,rf,mob,hydrophis lapemoides
3,121,4.72562,1.95601,4.5,3,rf,mob,hydrophis lapemoides
3,122,5.01064,0.34657,4.5,3,ben,mob,hydrophis melanocephalus
3,123,5.01064,1.15129,4.5,3,ben,mob,hydrophis melanocephalus
3,124,5.01064,1.95601,4.5,3,ben,mob,hydrophis melanocephalus
3,125,4.82831,0.34657,4.5,3,rf,mob,hydrophis ornatus
3,126,4.82831,1.15129,4.5,3,rf,mob,hydrophis ornatus
3,127,4.82831,1.95601,4.5,3,rf,mob,hydrophis ornatus
3,128,5.07829,0.34657,4.5,3,ben,mob,hydrophis pacificus
3,129,5.07829,1.15129,4.5,3,ben,mob,hydrophis pacificus
3,130,5.07829,1.95601,4.5,3,ben,mob,hydrophis pacificus
3,131,7.46451,0.34657,4.5,3,rf,mob,hydrophis spiralis
3,132,7.46451,1.15129,4.5,3,rf,mob,hydrophis spiralis
3,133,7.46451,1.95601,4.5,3,rf,mob,hydrophis spiralis
3,134,4.63473,0.34657,4.5,3,rf,mob,hydrophis curtus
3,135,4.63473,1.15129,4.5,3,rf,mob,hydrophis curtus
3,136,4.63473,1.95601,4.5,3,rf,mob,hydrophis curtus
3,137,4.91265,0.34657,4.5,3,ben,mob,laticauda laticaudata
3,138,4.91265,1.15129,4.5,3,ben,mob,laticauda laticaudata
3,139,4.91265,1.95601,4.5,3,ben,mob,laticauda laticaudata
3,140,2.85647,0.34657,4.5,3,ben,mob,microcephalophis cantoris
3,141,2.85647,1.15129,4.5,3,ben,mob,microcephalophis cantoris
3,142,2.85647,1.95601,4.5,3,ben,mob,microcephalophis cantoris
3,143,3.7495,0.34657,4.5,3,ben,mob,thalassophis anomalus
3,144,3.7495,1.15129,4.5,3,ben,mob,thalassophis anomalus
3,145,3.7495,1.95601,4.5,3,ben,mob,thalassophis anomalus
3,146,4.69135,0.34657,4.5,3,rf,mob,laticauda saintgironsi
3,147,4.69135,1.15129,4.5,3,rf,mob,laticauda saintgironsi
3,148,4.69135,1.95601,4.5,3,rf,mob,laticauda saintgironsi
3,149,4.18052,0.34657,4.5,3,ben,mob,laticauda frontalis
3,150,4.18052,1.15129,4.5,3,ben,mob,laticauda frontalis
3,151,4.18052,1.95601,4.5,3,ben,mob,laticauda frontalis
3,152,4.45435,0.34657,4.5,3,ben,mob,hydrophis mcdowelli
3,153,4.45435,1.15129,4.5,3,ben,mob,hydrophis mcdowelli
3,154,4.45435,1.95601,4.5,3,ben,mob,hydrophis mcdowelli
3,155,4.09434,3.45388,3.95,15,ben,mob,crocodylus acutus
3,156,4.20469,0.34657,4.5,3,ben,mob,acrochordus arafurae
3,157,3.7495,1.15129,4.5,3,ben,mob,acrochordus arafurae
3,158,4.11087,1.95601,4.5,3,ben,mob,acrochordus arafurae
3,159,4.31749,0.34657,4.5,3,ben,mob,acrochordus javanicus
3,160,4.20469,1.15129,4.5,3,ben,mob,acrochordus javanicus
3,161,4.11087,1.95601,4.5,3,ben,mob,acrochordus javanicus
3,162,4.31749,0.34657,4.5,3,ben,mob,ephalophis greyi
3,163,4.09434,1.15129,4.5,3,ben,mob,ephalophis greyi
3,164,3.7495,1.95601,4.5,3,ben,mob,ephalophis greyi
3,165,4.31749,0.34657,4.5,3,ben,mob,hydrelaps darwiniensis
3,166,4.20469,1.15129,4.5,3,ben,mob,hydrelaps darwiniensis
3,167,4.09434,1.95601,4.5,3,ben,mob,hydrelaps darwiniensis
3,168,4.20469,0.34657,4.5,3,ben,mob,laticauda guineai
3,169,4.31749,1.15129,4.5,3,ben,mob,laticauda guineai
3,170,4.11087,1.95601,4.5,3,ben,mob,laticauda guineai
3,171,4.11087,0.34657,4.5,3,ben,mob,laticauda schistorhyncha
3,172,4.20469,1.15129,4.5,3,ben,mob,laticauda schistorhyncha
3,173,4.31749,1.95601,4.5,3,ben,mob,laticauda schistorhyncha
3,174,4.09434,0.34657,4.5,3,rf,mob,laticauda semifasciata
3,175,4.31749,1.15129,4.5,3,rf,mob,laticauda semifasciata
3,176,3.7495,1.95601,4.5,3,rf,mob,laticauda semifasciata
3,177,4.20469,0.34657,4.5,3,ben,mob,parahydrophis mertoni
3,178,4.11087,1.15129,4.4,3,ben,mob,parahydrophis mertoni
3,179,3.7495,1.95601,4.5,3,ben,mob,parahydrophis mertoni
3,180,4.31749,0.34657,4.4,3,ben,mob,aipysurus foliosquama
3,181,3.7495,1.15129,4.4,3,ben,mob,aipysurus foliosquama
3,182,3.7495,1.95601,4.4,3,ben,mob,aipysurus foliosquama
3,183,4.11087,0.34657,4.4,3,ben,mob,aipysurus fuscus
3,184,4.11087,1.15129,4.4,3,ben,mob,aipysurus fuscus
3,185,4.31749,1.95601,4.4,3,ben,mob,aipysurus fuscus
3,186,4.11087,0.34657,4.4,3,rf,mob,aipysurus mosaicus
3,187,4.31749,1.15129,4.4,3,rf,mob,aipysurus mosaicus
3,188,4.31749,1.95601,4.4,3,rf,mob,aipysurus mosaicus
3,189,3.7495,0.34657,4.4,3,ben,mob,aipysurus tenuis
3,190,4.31749,1.15129,4.4,3,ben,mob,aipysurus tenuis
3,191,4.11087,1.95601,4.4,3,ben,mob,aipysurus tenuis
3,192,3.7495,0.34657,4.5,3,ben,mob,disteira walli
3,193,4.11087,1.15129,4.5,3,ben,mob,disteira walli
3,194,4.09434,1.95601,4,3,ben,mob,disteira walli
3,195,3.7495,0.34657,4.5,3,ben,mob,enhydrina zweifeli
3,196,3.7495,1.15129,4.5,3,ben,mob,enhydrina zweifeli
3,197,3.7495,1.95601,4.5,3,ben,mob,enhydrina zweifeli
3,198,4.20469,0.34657,4.5,3,rf,mob,hemiaspis signata
3,199,4.09434,1.15129,4.5,3,rf,mob,hemiaspis signata
3,200,3.7495,1.95601,4.5,3,rf,mob,hemiaspis signata
3,201,4.11087,0.34657,4.5,3,rf,mob,hydrophis annandalei
3,202,4.11087,1.15129,4.5,3,rf,mob,hydrophis annandalei
3,203,4.09434,1.95601,4.5,3,rf,mob,hydrophis annandalei
3,204,4.11087,0.34657,4.5,3,ben,mob,hydrophis atriceps
3,205,4.20469,1.15129,4.5,3,ben,mob,hydrophis atriceps
3,206,3.7495,1.95601,4.5,3,ben,mob,hydrophis atriceps
3,207,4.20469,0.34657,4.5,3,ben,mob,hydrophis belcheri
3,208,4.09434,1.15129,4.5,3,ben,mob,hydrophis belcheri
3,209,4.11087,1.95601,4.5,3,ben,mob,hydrophis belcheri
3,210,4.11087,0.34657,4.5,3,ben,mob,hydrophis brookii
3,211,3.7495,1.15129,4.5,3,ben,mob,hydrophis brookii
3,212,4.31749,1.95601,4.5,3,ben,mob,hydrophis brookii
3,213,4.20469,0.34657,4.5,3,rf,mob,hydrophis donaldi
3,214,4.31749,1.15129,4.5,3,rf,mob,hydrophis donaldi
3,215,4.09434,1.95601,4.5,3,rf,mob,hydrophis donaldi
3,216,4.20469,0.34657,4.5,3,rf,mob,hydrophis gracilis
3,217,4.11087,1.15129,4.5,3,rf,mob,hydrophis gracilis
3,218,3.7495,1.95601,4.5,3,rf,mob,hydrophis gracilis
3,219,4.11087,0.34657,4.5,3,ben,mob,hydrophis klossi
3,220,4.09434,1.15129,4.5,3,ben,mob,hydrophis klossi
3,221,4.31749,1.95601,4.5,3,ben,mob,hydrophis klossi
3,222,3.7495,0.34657,4.5,3,ben,mob,hydrophis mamillaris
3,223,4.11087,1.15129,4.5,3,ben,mob,hydrophis mamillaris
3,224,4.11087,1.95601,4.5,3,ben,mob,hydrophis mamillaris
3,225,4.11087,0.34657,4.5,3,ben,mob,hydrophis melanosoma
3,226,4.09434,1.15129,4.5,3,ben,mob,hydrophis melanosoma
3,227,4.11087,1.95601,4.5,3,ben,mob,hydrophis melanosoma
3,228,4.11087,0.34657,4.5,3,ben,mob,hydrophis nigrocinctus
3,229,4.09434,1.15129,4.5,3,ben,mob,hydrophis nigrocinctus
3,230,4.20469,1.95601,4.5,3,ben,mob,hydrophis nigrocinctus
3,231,3.7495,0.34657,4.5,3,ben,mob,hydrophis obscurus
3,232,3.7495,1.15129,4.5,3,ben,mob,hydrophis obscurus
3,233,4.09434,1.95601,4.5,3,ben,mob,hydrophis obscurus
3,234,4.20469,0.34657,4.5,3,ben,mob,hydrophis pachycercos
3,235,4.09434,1.15129,4.5,3,ben,mob,hydrophis pachycercos
3,236,4.31749,1.95601,4.5,3,ben,mob,hydrophis pachycercos
3,237,4.20469,0.34657,4.5,3,ben,mob,hydrophis parviceps
3,238,4.11087,1.15129,4.5,3,ben,mob,hydrophis parviceps
3,239,4.09434,1.95601,4.5,3,ben,mob,hydrophis parviceps
3,240,4.31749,0.34657,4.5,3,rf,mob,hydrophis peronii
3,241,4.20469,1.15129,4.5,3,rf,mob,hydrophis peronii
3,242,4.11087,1.95601,4.5,3,rf,mob,hydrophis peronii
3,243,4.20469,0.34657,4.5,3,rf,mob,hydrophis platurus
3,244,4.11087,1.15129,4.5,3,rf,mob,hydrophis platurus
3,245,4.11087,1.95601,4.5,3,rf,mob,hydrophis platurus
3,246,4.31749,0.34657,4.5,3,rf,mob,hydrophis stokesii
3,247,4.20469,1.15129,4.5,3,rf,mob,hydrophis stokesii
3,248,4.20469,1.95601,4.5,3,rf,mob,hydrophis stokesii
3,249,3.7495,0.34657,4.5,3,ben,mob,hydrophis stricticollis
3,250,4.11087,1.15129,4.5,3,ben,mob,hydrophis stricticollis
3,251,4.31749,1.95601,4.5,3,ben,mob,hydrophis stricticollis
3,252,3.7495,0.34657,4.5,3,ben,mob,hydrophis torquatus
3,253,4.31749,1.15129,4.5,3,ben,mob,hydrophis torquatus
3,254,3.7495,1.95601,4.5,3,ben,mob,hydrophis torquatus
3,255,4.11087,0.34657,4.5,3,rf,mob,hydrophis viperinus
3,256,3.7495,1.15129,4.5,3,rf,mob,hydrophis viperinus
3,257,4.09434,1.95601,4.5,3,rf,mob,hydrophis viperinus
3,258,3.7495,0.34657,4.5,3,ben,mob,hydrophis vorisi
3,259,4.31749,1.15129,4.5,3,ben,mob,hydrophis vorisi
3,260,4.11087,1.95601,4.5,3,ben,mob,hydrophis vorisi
3,261,4.11087,0.34657,4.5,3,ben,mob,kerilia jerdoni
3,262,3.7495,1.15129,4.4,3,ben,mob,kerilia jerdoni
3,263,3.7495,1.95601,4.5,3,ben,mob,kerilia jerdoni
3,264,4.20469,0.34657,4.5,3,rf,mob,lapemis hardwickii
3,265,4.31749,1.15129,4.5,3,rf,mob,lapemis hardwickii
3,266,4.11087,1.95601,4.5,3,rf,mob,lapemis hardwickii
3,267,3.7495,0.34657,4.5,3,rf,mob,parapistocalamus hedigeri
3,268,4.11087,1.15129,4.5,3,rf,mob,parapistocalamus hedigeri
3,269,3.7495,1.95601,4.5,3,rf,mob,parapistocalamus hedigeri
3,270,4.20469,0.34657,4.5,3,rf,mob,pseudonaja elliotti
3,271,4.31749,1.15129,4.5,3,rf,mob,pseudonaja elliotti
3,272,4.09434,1.95601,4.5,3,rf,mob,pseudonaja elliotti
3,273,4.11087,0.34657,4.5,3,rf,mob,tropidechis sadlieri
3,274,4.11087,1.15129,4.5,3,rf,mob,tropidechis sadlieri
3,275,4.09434,1.95601,4.5,3,rf,mob,tropidechis sadlieri
3,276,5.99146,1.95601,2.15,3.61775,rf,mob,amblyrhynchus cristatus
3,277,5.99146,1.15129,2.15,5.7884,rf,mob,amblyrhynchus cristatus
3,278,4.69135,5.02388,4.15,2.8942,bp,mig,dermochelys coriacea
3,279,5.90808,7.24208,4.15,16.1,bp,mig,dermochelys coriacea
3,280,5.90808,5.02388,3.49,10,ben,mig,lepidochelys kempii
3,281,5.90808,7.24208,3.49,9,ben,mig,lepidochelys kempii
3,282,4.69135,5.02388,3.38,6.51195,bp,mig,lepidochelys olivacea
4,1,4.62497,5.09375,3.55,21,bp,mig,caretta caretta
4,2,4.62497,5.09375,3.55,10.85325,bp,mig,caretta caretta
4,3,4.62497,5.15906,3.55,21,bp,mig,caretta caretta
4,4,4.62497,5.15906,3.55,10.85325,bp,mig,caretta caretta
4,5,4.62497,4.86753,3.55,21,bp,mig,caretta caretta
4,6,4.62497,4.86753,3.55,10.85325,bp,mig,caretta caretta
4,7,4.62497,4.89784,3.55,21,bp,mig,caretta caretta
4,8,4.62497,4.89784,3.55,10.85325,bp,mig,caretta caretta
4,9,4.62497,5.04986,3.55,21,bp,mig,caretta caretta
4,10,4.62497,5.04986,3.55,10.85325,bp,mig,caretta caretta
4,11,4.62497,5.24702,3.55,21,bp,mig,caretta caretta
4,12,4.62497,5.24702,3.55,10.85325,bp,mig,caretta caretta
4,13,4.62497,5.23644,3.55,21,bp,mig,caretta caretta
4,14,4.62497,5.23644,3.55,10.85325,bp,mig,caretta caretta
4,15,4.62497,5.28827,3.55,21,bp,mig,caretta caretta
4,16,4.62497,5.28827,3.55,10.85325,bp,mig,caretta caretta
4,17,4.62497,5.07517,3.55,21,bp,mig,caretta caretta
4,18,4.62497,5.07517,3.55,10.85325,bp,mig,caretta caretta
4,19,4.62497,4.7362,3.55,21,bp,mig,caretta caretta
4,20,4.62497,4.7362,3.55,10.85325,bp,mig,caretta caretta
4,21,4.62497,5.75646,3.55,25,bp,mig,caretta caretta
4,22,4.62986,7.24208,2.34,6.51195,pel,mig,chelonia mydas
4,23,4.62986,7.24208,2.34,36.17752,pel,mig,chelonia mydas
4,24,4.62986,7.24208,2.34,23.87716,pel,mig,chelonia mydas
4,25,4.62986,7.24208,2.34,18.08876,pel,mig,chelonia mydas
4,26,4.62986,7.24208,2.34,25.32426,pel,mig,chelonia mydas
4,27,4.62986,7.24208,2.34,19.53586,pel,mig,chelonia mydas
4,28,4.62986,5.02388,2.34,6.51195,pel,mig,chelonia mydas
4,29,4.62986,5.02388,2.34,36.17752,pel,mig,chelonia mydas
4,30,4.62986,5.02388,2.34,23.87716,pel,mig,chelonia mydas
4,31,4.62986,5.02388,2.34,18.08876,pel,mig,chelonia mydas
4,32,4.62986,5.02388,2.34,25.32426,pel,mig,chelonia mydas
4,33,4.62986,5.02388,2.34,19.53586,pel,mig,chelonia mydas
4,34,4.62986,5.75646,2.34,25,pel,mig,chelonia mydas
4,35,4.46591,5.30827,3.51,3.5,rf,mig,eretmochelys imbricata
4,36,4.46591,5.32788,3.51,3.5,rf,mig,eretmochelys imbricata
4,37,4.46591,5.12396,3.51,3.5,rf,mig,eretmochelys imbricata
4,38,4.46591,5.18739,3.51,3.5,rf,mig,eretmochelys imbricata
4,39,4.46591,4.72739,3.51,3.5,rf,mig,eretmochelys imbricata
4,40,4.46591,5.2832,3.51,3.5,rf,mig,eretmochelys imbricata
4,41,4.46591,4.78749,3.51,3.5,rf,mig,eretmochelys imbricata
4,42,4.46591,5.2575,3.51,3.5,rf,mig,eretmochelys imbricata
4,43,4.46591,5.36129,3.51,3.5,rf,mig,eretmochelys imbricata
4,44,4.46591,5.40717,3.51,3.5,rf,mig,eretmochelys imbricata
4,45,4.46591,5.75646,3.51,25,rf,mig,eretmochelys imbricata
4,46,4.28082,5.75646,3.38,15,bp,mig,lepidochelys olivacea
4,47,4.81218,5.75646,4.15,15,bp,mig,dermochelys coriacea
4,48,4.5326,0.34657,4.5,3,rf,mob,laticauda colubrina
4,49,4.5326,1.15129,4.5,3,rf,mob,laticauda colubrina
4,50,4.5326,1.95601,4.5,3,rf,mob,laticauda colubrina
4,51,4.11087,5.75646,3.49,15,ben,mig,lepidochelys kempii
4,52,4.56954,4.2586,3.39,25,bp,mig,natator depressa
4,53,5.99146,3.45388,3.95,15,pel,mob,crocodylus porosus
4,54,5.90808,0.34657,2.15,3,rf,mob,amblyrhynchus cristatus
4,55,5.90808,1.15129,2.15,3,rf,mob,amblyrhynchus cristatus
4,56,5.90808,1.95601,2.15,3,rf,mob,amblyrhynchus cristatus
4,57,4.36628,0.34657,4.5,3,bp,mob,acrochordus granulatus
4,58,4.36628,1.15129,4.5,3,bp,mob,acrochordus granulatus
4,59,4.36628,1.95601,4.5,3,bp,mob,acrochordus granulatus
4,60,4.20469,1.15129,4.5,3,ben,mob,cerberus rynchops
4,61,4.09434,0.34657,4.5,18.08876,ben,mig,cerberus rynchops
4,62,4.52179,0.34657,4.4,3,ben,mob,aipysurus apraefrontalis
4,63,4.52179,1.15129,4.4,3,ben,mob,aipysurus apraefrontalis
4,64,4.52179,1.95601,4.4,3,ben,mob,aipysurus apraefrontalis
4,65,4.69135,0.34657,4.5,3,rf,mob,aipysurus duboisii
4,66,4.69135,1.15129,4.5,3,rf,mob,aipysurus duboisii
4,67,4.69135,1.95601,4.5,3,rf,mob,aipysurus duboisii
4,68,4.44265,0.34657,4.4,3,ben,mob,aipysurus eydouxi
4,69,4.44265,1.15129,4.4,3,ben,mob,aipysurus eydouxi
4,70,4.44265,1.95601,4.4,3,ben,mob,aipysurus eydouxi
4,71,4.65396,0.34657,4.3,3,rf,mob,aipysurus laevis
4,72,4.65396,1.15129,4.3,3,rf,mob,aipysurus laevis
4,73,4.65396,1.95601,4.3,3,rf,mob,aipysurus laevis
4,74,5.05465,0.34657,4.5,3,ben,mob,hydrophis kingii
4,75,5.05465,1.15129,4.5,3,ben,mob,hydrophis kingii
4,76,5.05465,1.95601,4.5,3,ben,mob,hydrophis kingii
4,77,4.7185,0.34657,4.5,3,ben,mob,hydrophis major
4,78,4.7185,1.15129,4.5,3,ben,mob,hydrophis major
4,79,4.7185,1.95601,4.5,3,ben,mob,hydrophis major
4,80,4.49424,0.34657,4,3,rf,mob,emydocephalus annulatus
4,81,4.49424,1.15129,4,3,rf,mob,emydocephalus annulatus
4,82,4.49424,1.95601,4,3,rf,mob,emydocephalus annulatus
4,83,4.31749,0.34657,4,3,ben,mob,emydocephalus ijimae
4,84,4.31749,1.15129,4,3,ben,mob,emydocephalus ijimae
4,85,4.31749,1.95601,4,3,ben,mob,emydocephalus ijimae
4,86,4.61413,0.34657,4.5,3,rf,mob,hydrophis schistosus
4,87,4.61413,1.15129,4.5,3,rf,mob,hydrophis schistosus
4,88,4.61413,1.95601,4.5,3,rf,mob,hydrophis schistosus
4,89,4.7185,0.34657,4.5,3,ben,mob,hydrophis bituberculatus
4,90,4.7185,1.15129,4.5,3,ben,mob,hydrophis bituberculatus
4,91,4.7185,1.95601,4.5,3,ben,mob,hydrophis bituberculatus
4,92,4.43082,0.34657,4.5,3,bp,mob,polyodontognathus caerulescens
4,93,4.43082,1.15129,4.5,3,bp,mob,polyodontognathus caerulescens
4,94,4.43082,1.95601,4.5,3,bp,mob,polyodontognathus caerulescens
4,95,4.91998,0.34657,4.5,3,ben,mob,hydrophis coggeri
4,96,4.91998,1.15129,4.5,3,ben,mob,hydrophis coggeri
4,97,4.91998,1.95601,4.5,3,ben,mob,hydrophis coggeri
4,98,4.86753,0.34657,4.5,3,rf,mob,hydrophis cyanocinctus
4,99,4.86753,1.15129,4.5,3,rf,mob,hydrophis cyanocinctus
4,100,4.86753,1.95601,4.5,3,rf,mob,hydrophis cyanocinctus
4,101,4.58497,0.34657,4.5,3,ben,mob,hydrophis czeblukovi
4,102,4.58497,1.15129,4.5,3,ben,mob,hydrophis czeblukovi
4,103,4.58497,1.95601,4.5,3,ben,mob,hydrophis czeblukovi
4,104,5.26269,0.34657,4.5,3,ben,mob,hydrophis elegans
4,105,5.26269,1.15129,4.5,3,ben,mob,hydrophis elegans
4,106,5.26269,1.95601,4.5,3,ben,mob,hydrophis elegans
4,107,4.13517,0.34657,4.5,3,ben,mob,hydrophis fasciatus
4,108,4.13517,1.15129,4.5,3,ben,mob,hydrophis fasciatus
4,109,4.13517,1.95601,4.5,3,ben,mob,hydrophis fasciatus
4,110,4.52179,0.34657,4.5,3,ben,mob,hydrophis inornatus
4,111,4.52179,1.15129,4.5,3,ben,mob,hydrophis inornatus
4,112,4.52179,1.95601,4.5,3,ben,mob,hydrophis inornatus
4,113,5.22451,0.34657,4.5,3,rf,mob,chitulia laboutei
4,114,5.22451,1.15129,4.5,3,rf,mob,chitulia laboutei
4,115,5.22451,1.95601,4.5,3,rf,mob,chitulia laboutei
4,116,4.82831,0.34657,4.5,3,ben,mob,hydrophis lamberti
4,117,4.82831,1.15129,4.5,3,ben,mob,hydrophis lamberti
4,118,4.82831,1.95601,4.5,3,ben,mob,hydrophis lamberti
4,119,4.72562,0.34657,4.5,3,rf,mob,hydrophis lapemoides
4,120,4.72562,1.15129,4.5,3,rf,mob,hydrophis lapemoides
4,121,4.72562,1.95601,4.5,3,rf,mob,hydrophis lapemoides
4,122,5.01064,0.34657,4.5,3,ben,mob,hydrophis melanocephalus
4,123,5.01064,1.15129,4.5,3,ben,mob,hydrophis melanocephalus
4,124,5.01064,1.95601,4.5,3,ben,mob,hydrophis melanocephalus
4,125,4.82831,0.34657,4.5,3,rf,mob,hydrophis ornatus
4,126,4.82831,1.15129,4.5,3,rf,mob,hydrophis ornatus
4,127,4.82831,1.95601,4.5,3,rf,mob,hydrophis ornatus
4,128,5.07829,0.34657,4.5,3,ben,mob,hydrophis pacificus
4,129,5.07829,1.15129,4.5,3,ben,mob,hydrophis pacificus
4,130,5.07829,1.95601,4.5,3,ben,mob,hydrophis pacificus
4,131,7.46451,0.34657,4.5,3,rf,mob,hydrophis spiralis
4,132,7.46451,1.15129,4.5,3,rf,mob,hydrophis spiralis
4,133,7.46451,1.95601,4.5,3,rf,mob,hydrophis spiralis
4,134,4.63473,0.34657,4.5,3,rf,mob,hydrophis curtus
4,135,4.63473,1.15129,4.5,3,rf,mob,hydrophis curtus
4,136,4.63473,1.95601,4.5,3,rf,mob,hydrophis curtus
4,137,4.91265,0.34657,4.5,3,ben,mob,laticauda laticaudata
4,138,4.91265,1.15129,4.5,3,ben,mob,laticauda laticaudata
4,139,4.91265,1.95601,4.5,3,ben,mob,laticauda laticaudata
4,140,2.85647,0.34657,4.5,3,ben,mob,microcephalophis cantoris
4,141,2.85647,1.15129,4.5,3,ben,mob,microcephalophis cantoris
4,142,2.85647,1.95601,4.5,3,ben,mob,microcephalophis cantoris
4,143,3.7495,0.34657,4.5,3,ben,mob,thalassophis anomalus
4,144,3.7495,1.15129,4.5,3,ben,mob,thalassophis anomalus
4,145,3.7495,1.95601,4.5,3,ben,mob,thalassophis anomalus
4,146,4.69135,0.34657,4.5,3,rf,mob,laticauda saintgironsi
4,147,4.69135,1.15129,4.5,3,rf,mob,laticauda saintgironsi
4,148,4.69135,1.95601,4.5,3,rf,mob,laticauda saintgironsi
4,149,4.18052,0.34657,4.5,3,ben,mob,laticauda frontalis
4,150,4.18052,1.15129,4.5,3,ben,mob,laticauda frontalis
4,151,4.18052,1.95601,4.5,3,ben,mob,laticauda frontalis
4,152,4.45435,0.34657,4.5,3,ben,mob,hydrophis mcdowelli
4,153,4.45435,1.15129,4.5,3,ben,mob,hydrophis mcdowelli
4,154,4.45435,1.95601,4.5,3,ben,mob,hydrophis mcdowelli
4,155,4.20469,3.45388,3.95,15,ben,mob,crocodylus acutus
4,156,5.90808,0.34657,4.5,3,ben,mob,acrochordus arafurae
4,157,5.90808,1.15129,4.5,3,ben,mob,acrochordus arafurae
4,158,5.90808,1.95601,4.5,3,ben,mob,acrochordus arafurae
4,159,5.90808,0.34657,4.5,3,ben,mob,acrochordus javanicus
4,160,5.90808,1.15129,4.5,3,ben,mob,acrochordus javanicus
4,161,5.90808,1.95601,4.5,3,ben,mob,acrochordus javanicus
4,162,4.09434,0.34657,4.5,3,ben,mob,ephalophis greyi
4,163,4.09434,1.15129,4.5,3,ben,mob,ephalophis greyi
4,164,4.31749,1.95601,4.5,3,ben,mob,ephalophis greyi
4,165,4.31749,0.34657,4.5,3,ben,mob,hydrelaps darwiniensis
4,166,4.31749,1.15129,4.5,3,ben,mob,hydrelaps darwiniensis
4,167,4.09434,1.95601,4.5,3,ben,mob,hydrelaps darwiniensis
4,168,4.31749,0.34657,4.5,3,ben,mob,laticauda guineai
4,169,4.20469,1.15129,4.5,3,ben,mob,laticauda guineai
4,170,4.20469,1.95601,4.5,3,ben,mob,laticauda guineai
4,171,4.20469,0.34657,4.5,3,ben,mob,laticauda schistorhyncha
4,172,4.31749,1.15129,4.5,3,ben,mob,laticauda schistorhyncha
4,173,4.09434,1.95601,4.5,3,ben,mob,laticauda schistorhyncha
4,174,4.09434,0.34657,4.5,3,rf,mob,laticauda semifasciata
4,175,4.31749,1.15129,4.5,3,rf,mob,laticauda semifasciata
4,176,4.20469,1.95601,4.5,3,rf,mob,laticauda semifasciata
4,177,4.31749,0.34657,4.5,3,ben,mob,parahydrophis mertoni
4,178,4.31749,1.15129,4.5,3,ben,mob,parahydrophis mertoni
4,179,4.09434,1.95601,4.5,3,ben,mob,parahydrophis mertoni
4,180,4.31749,0.34657,4.4,3,ben,mob,aipysurus foliosquama
4,181,4.31749,1.15129,4.4,3,ben,mob,aipysurus foliosquama
4,182,4.31749,1.95601,4.4,3,ben,mob,aipysurus foliosquama
4,183,4.31749,0.34657,4.4,3,ben,mob,aipysurus fuscus
4,184,4.31749,1.15129,4.4,3,ben,mob,aipysurus fuscus
4,185,4.31749,1.95601,4.4,3,ben,mob,aipysurus fuscus
4,186,4.09434,0.34657,4.4,3,rf,mob,aipysurus mosaicus
4,187,4.31749,1.15129,4.4,3,rf,mob,aipysurus mosaicus
4,188,4.31749,1.95601,4.4,3,rf,mob,aipysurus mosaicus
4,189,4.31749,0.34657,4.4,3,ben,mob,aipysurus tenuis
4,190,4.31749,1.15129,4.4,3,ben,mob,aipysurus tenuis
4,191,4.09434,1.95601,4.4,3,ben,mob,aipysurus tenuis
4,192,4.31749,0.34657,4.5,3,ben,mob,disteira walli
4,193,4.20469,1.15129,4.5,3,ben,mob,disteira walli
4,194,4.31749,1.95601,4.5,3,ben,mob,disteira walli
4,195,4.09434,0.34657,4.5,3,ben,mob,enhydrina zweifeli
4,196,4.31749,1.15129,4.5,3,ben,mob,enhydrina zweifeli
4,197,4.31749,1.95601,4.5,3,ben,mob,enhydrina zweifeli
4,198,4.20469,0.34657,4.5,3,rf,mob,hemiaspis signata
4,199,4.31749,1.15129,4.5,3,rf,mob,hemiaspis signata
4,200,4.31749,1.95601,4.5,3,rf,mob,hemiaspis signata
4,201,4.31749,0.34657,4.5,3,rf,mob,hydrophis annandalei
4,202,4.31749,1.15129,4.5,3,rf,mob,hydrophis annandalei
4,203,4.20469,1.95601,4.5,3,rf,mob,hydrophis annandalei
4,204,4.20469,0.34657,4.5,3,ben,mob,hydrophis atriceps
4,205,4.31749,1.15129,4.5,3,ben,mob,hydrophis atriceps
4,206,4.09434,1.95601,4.5,3,ben,mob,hydrophis atriceps
4,207,4.31749,0.34657,4.5,3,ben,mob,hydrophis belcheri
4,208,4.31749,1.15129,4.5,3,ben,mob,hydrophis belcheri
4,209,4.20469,1.95601,4.5,3,ben,mob,hydrophis belcheri
4,210,4.20469,0.34657,4.5,3,ben,mob,hydrophis brookii
4,211,4.31749,1.15129,4.5,3,ben,mob,hydrophis brookii
4,212,4.31749,1.95601,4.5,3,ben,mob,hydrophis brookii
4,213,4.31749,0.34657,4.5,3,rf,mob,hydrophis donaldi
4,214,4.09434,1.15129,4.5,3,rf,mob,hydrophis donaldi
4,215,4.09434,1.95601,4.5,3,rf,mob,hydrophis donaldi
4,216,4.31749,0.34657,4.5,3,rf,mob,hydrophis gracilis
4,217,4.31749,1.15129,4.5,3,rf,mob,hydrophis gracilis
4,218,4.31749,1.95601,4.5,3,rf,mob,hydrophis gracilis
4,219,4.31749,0.34657,4.5,3,ben,mob,hydrophis klossi
4,220,4.31749,1.15129,4.5,3,ben,mob,hydrophis klossi
4,221,4.20469,1.95601,4.5,3,ben,mob,hydrophis klossi
4,222,4.31749,0.34657,4.5,3,ben,mob,hydrophis mamillaris
4,223,4.31749,1.15129,4.5,3,ben,mob,hydrophis mamillaris
4,224,4.20469,1.95601,4.5,3,ben,mob,hydrophis mamillaris
4,225,4.20469,0.34657,4.5,3,ben,mob,hydrophis melanosoma
4,226,4.31749,1.15129,4.5,3,ben,mob,hydrophis melanosoma
4,227,4.31749,1.95601,4.5,3,ben,mob,hydrophis melanosoma
4,228,4.20469,0.34657,4.5,3,ben,mob,hydrophis nigrocinctus
4,229,4.20469,1.15129,4.5,3,ben,mob,hydrophis nigrocinctus
4,230,4.31749,1.95601,4.5,3,ben,mob,hydrophis nigrocinctus
4,231,4.20469,0.34657,4.5,3,ben,mob,hydrophis obscurus
4,232,4.31749,1.15129,4.5,3,ben,mob,hydrophis obscurus
4,233,4.31749,1.95601,4.5,3,ben,mob,hydrophis obscurus
4,234,4.31749,0.34657,4.5,3,ben,mob,hydrophis pachycercos
4,235,4.09434,1.15129,4.5,3,ben,mob,hydrophis pachycercos
4,236,4.31749,1.95601,4.5,3,ben,mob,hydrophis pachycercos
4,237,4.31749,0.34657,4.5,3,ben,mob,hydrophis parviceps
4,238,4.20469,1.15129,4.5,3,ben,mob,hydrophis parviceps
4,239,4.31749,1.95601,4.5,3,ben,mob,hydrophis parviceps
4,240,4.31749,0.34657,4.5,3,rf,mob,hydrophis peronii
4,241,4.31749,1.15129,4.5,3,rf,mob,hydrophis peronii
4,242,4.09434,1.95601,4.5,3,rf,mob,hydrophis peronii
4,243,4.31749,0.34657,4.5,3,rf,mob,hydrophis platurus
4,244,4.31749,1.15129,4.5,3,rf,mob,hydrophis platurus
4,245,4.31749,1.95601,4.5,3,rf,mob,hydrophis platurus
4,246,4.20469,0.34657,4.5,3,rf,mob,hydrophis stokesii
4,247,4.20469,1.15129,4.5,3,rf,mob,hydrophis stokesii
4,248,4.09434,1.95601,4.5,3,rf,mob,hydrophis stokesii
4,249,4.31749,0.34657,4.5,3,ben,mob,hydrophis stricticollis
4,250,4.20469,1.15129,4.5,3,ben,mob,hydrophis stricticollis
4,251,4.09434,1.95601,4.5,3,ben,mob,hydrophis stricticollis
4,252,4.31749,0.34657,4.5,3,ben,mob,hydrophis torquatus
4,253,4.31749,1.15129,4.5,3,ben,mob,hydrophis torquatus
4,254,4.31749,1.95601,4.5,3,ben,mob,hydrophis torquatus
4,255,4.31749,0.34657,4.5,3,rf,mob,hydrophis viperinus
4,256,4.09434,1.15129,4.5,3,rf,mob,hydrophis viperinus
4,257,4.20469,1.95601,4.5,3,rf,mob,hydrophis viperinus
4,258,4.31749,0.34657,4.5,3,ben,mob,hydrophis vorisi
4,259,4.31749,1.15129,4.5,3,ben,mob,hydrophis vorisi
4,260,4.20469,1.95601,4.5,3,ben,mob,hydrophis vorisi
4,261,4.09434,0.34657,4.5,3,ben,mob,kerilia jerdoni
4,262,4.09434,1.15129,4.5,3,ben,mob,kerilia jerdoni
4,263,4.31749,1.95601,4.5,3,ben,mob,kerilia jerdoni
4,264,4.20469,0.34657,4.5,3,rf,mob,lapemis hardwickii
4,265,4.31749,1.15129,4.5,3,rf,mob,lapemis hardwickii
4,266,4.20469,1.95601,4.5,3,rf,mob,lapemis hardwickii
4,267,4.20469,0.34657,4.5,3,rf,mob,parapistocalamus hedigeri
4,268,4.31749,1.15129,4.5,3,rf,mob,parapistocalamus hedigeri
4,269,4.20469,1.95601,4.5,3,rf,mob,parapistocalamus hedigeri
4,270,4.09434,0.34657,4.5,3,rf,mob,pseudonaja elliotti
4,271,4.09434,1.15129,4.5,3,rf,mob,pseudonaja elliotti
4,272,4.31749,1.95601,4.5,3,rf,mob,pseudonaja elliotti
4,273,4.31749,0.34657,4.5,3,rf,mob,tropidechis sadlieri
4,274,4.20469,1.15129,4.5,3,rf,mob,tropidechis sadlieri
4,275,4.31749,1.95601,4.5,3,rf,mob,tropidechis sadlieri
4,276,4.31749,1.95601,2.15,3.61775,rf,mob,amblyrhynchus cristatus
4,277,4.31749,1.15129,2.15,5.7884,rf,mob,amblyrhynchus cristatus
4,278,5.90808,1.15129,4.15,2.8942,bp,mig,dermochelys coriacea
4,279,4.69135,1.95601,4.15,16.1,bp,mig,dermochelys coriacea
4,280,4.31749,1.95601,3.49,10,ben,mig,lepidochelys kempii
4,281,4.31749,1.95601,3.49,9,ben,mig,lepidochelys kempii
4,282,4.20469,1.95601,3.38,6.51195,bp,mig,lepidochelys olivacea
5,1,4.62497,5.09375,3.55,21,bp,mig,caretta caretta
5,2,4.62497,5.09375,3.55,10.85325,bp,mig,caretta caretta
5,3,4.62497,5.15906,3.55,21,bp,mig,caretta caretta
5,4,4.62497,5.15906,3.55,10.85325,bp,mig,caretta caretta
5,5,4.62497,4.86753,3.55,21,bp,mig,caretta caretta
5,6,4.62497,4.86753,3.55,10.85325,bp,mig,caretta caretta
5,7,4.62497,4.89784,3.55,21,bp,mig,caretta caretta
5,8,4.62497,4.89784,3.55,10.85325,bp,mig,caretta caretta
5,9,4.62497,5.04986,3.55,21,bp,mig,caretta caretta
5,10,4.62497,5.04986,3.55,10.85325,bp,mig,caretta caretta
5,11,4.62497,5.24702,3.55,21,bp,mig,caretta caretta
5,12,4.62497,5.24702,3.55,10.85325,bp,mig,caretta caretta
5,13,4.62497,5.23644,3.55,21,bp,mig,caretta caretta
5,14,4.62497,5.23644,3.55,10.85325,bp,mig,caretta caretta
5,15,4.62497,5.28827,3.55,21,bp,mig,caretta caretta
5,16,4.62497,5.28827,3.55,10.85325,bp,mig,caretta caretta
5,17,4.62497,5.07517,3.55,21,bp,mig,caretta caretta
5,18,4.62497,5.07517,3.55,10.85325,bp,mig,caretta caretta
5,19,4.62497,4.7362,3.55,21,bp,mig,caretta caretta
5,20,4.62497,4.7362,3.55,10.85325,bp,mig,caretta caretta
5,21,4.62497,5.75646,3.55,25,bp,mig,caretta caretta
5,22,4.62986,7.24208,2.34,6.51195,pel,mig,chelonia mydas
5,23,4.62986,7.24208,2.34,36.17752,pel,mig,chelonia mydas
5,24,4.62986,7.24208,2.34,23.87716,pel,mig,chelonia mydas
5,25,4.62986,7.24208,2.34,18.08876,pel,mig,chelonia mydas
5,26,4.62986,7.24208,2.34,25.32426,pel,mig,chelonia mydas
5,27,4.62986,7.24208,2.34,19.53586,pel,mig,chelonia mydas
5,28,4.62986,5.02388,2.34,6.51195,pel,mig,chelonia mydas
5,29,4.62986,5.02388,2.34,36.17752,pel,mig,chelonia mydas
5,30,4.62986,5.02388,2.34,23.87716,pel,mig,chelonia mydas
5,31,4.62986,5.02388,2.34,18.08876,pel,mig,chelonia mydas
5,32,4.62986,5.02388,2.34,25.32426,pel,mig,chelonia mydas
5,33,4.62986,5.02388,2.34,19.53586,pel,mig,chelonia mydas
5,34,4.62986,5.75646,2.34,25,pel,mig,chelonia mydas
5,35,4.46591,5.30827,3.51,3.5,rf,mig,eretmochelys imbricata
5,36,4.46591,5.32788,3.51,3.5,rf,mig,eretmochelys imbricata
5,37,4.46591,5.12396,3.51,3.5,rf,mig,eretmochelys imbricata
5,38,4.46591,5.18739,3.51,3.5,rf,mig,eretmochelys imbricata
5,39,4.46591,4.72739,3.51,3.5,rf,mig,eretmochelys imbricata
5,40,4.46591,5.2832,3.51,3.5,rf,mig,eretmochelys imbricata
5,41,4.46591,4.78749,3.51,3.5,rf,mig,eretmochelys imbricata
5,42,4.46591,5.2575,3.51,3.5,rf,mig,eretmochelys imbricata
5,43,4.46591,5.36129,3.51,3.5,rf,mig,eretmochelys imbricata
5,44,4.46591,5.40717,3.51,3.5,rf,mig,eretmochelys imbricata
5,45,4.46591,5.75646,3.51,25,rf,mig,eretmochelys imbricata
5,46,4.28082,5.75646,3.38,15,bp,mig,lepidochelys olivacea
5,47,4.81218,5.75646,4.15,15,bp,mig,dermochelys coriacea
5,48,4.5326,0.34657,4.5,3,rf,mob,laticauda colubrina
5,49,4.5326,1.15129,4.5,3,rf,mob,laticauda colubrina
5,50,4.5326,1.95601,4.5,3,rf,mob,laticauda colubrina
5,51,4.11087,5.75646,3.49,15,ben,mig,lepidochelys kempii
5,52,4.56954,4.2586,3.39,25,bp,mig,natator depressa
5,53,5.99146,3.45388,3.95,15,pel,mob,crocodylus porosus
5,54,5.90808,0.34657,2.15,3,rf,mob,amblyrhynchus cristatus
5,55,5.90808,1.15129,2.15,3,rf,mob,amblyrhynchus cristatus
5,56,5.90808,1.95601,2.15,3,rf,mob,amblyrhynchus cristatus
5,57,4.36628,0.34657,4.5,3,bp,mob,acrochordus granulatus
5,58,4.36628,1.15129,4.5,3,bp,mob,acrochordus granulatus
5,59,4.36628,1.95601,4.5,3,bp,mob,acrochordus granulatus
5,60,4.20469,0.34657,4.5,36.17752,ben,mig,cerberus rynchops
5,61,4.09434,0.34657,4.5,36.17752,ben,mig,cerberus rynchops
5,62,4.52179,0.34657,4.4,3,ben,mob,aipysurus apraefrontalis
5,63,4.52179,1.15129,4.4,3,ben,mob,aipysurus apraefrontalis
5,64,4.52179,1.95601,4.4,3,ben,mob,aipysurus apraefrontalis
5,65,4.69135,0.34657,4.5,3,rf,mob,aipysurus duboisii
5,66,4.69135,1.15129,4.5,3,rf,mob,aipysurus duboisii
5,67,4.69135,1.95601,4.5,3,rf,mob,aipysurus duboisii
5,68,4.44265,0.34657,4.4,3,ben,mob,aipysurus eydouxi
5,69,4.44265,1.15129,4.4,3,ben,mob,aipysurus eydouxi
5,70,4.44265,1.95601,4.4,3,ben,mob,aipysurus eydouxi
5,71,4.65396,0.34657,4.3,3,rf,mob,aipysurus laevis
5,72,4.65396,1.15129,4.3,3,rf,mob,aipysurus laevis
5,73,4.65396,1.95601,4.3,3,rf,mob,aipysurus laevis
5,74,5.05465,0.34657,4.5,3,ben,mob,hydrophis kingii
5,75,5.05465,1.15129,4.5,3,ben,mob,hydrophis kingii
5,76,5.05465,1.95601,4.5,3,ben,mob,hydrophis kingii
5,77,4.7185,0.34657,4.5,3,ben,mob,hydrophis major
5,78,4.7185,1.15129,4.5,3,ben,mob,hydrophis major
5,79,4.7185,1.95601,4.5,3,ben,mob,hydrophis major
5,80,4.49424,0.34657,4,3,rf,mob,emydocephalus annulatus
5,81,4.49424,1.15129,4,3,rf,mob,emydocephalus annulatus
5,82,4.49424,1.95601,4,3,rf,mob,emydocephalus annulatus
5,83,4.31749,0.34657,4,3,ben,mob,emydocephalus ijimae
5,84,4.31749,1.15129,4,3,ben,mob,emydocephalus ijimae
5,85,4.31749,1.95601,4,3,ben,mob,emydocephalus ijimae
5,86,4.61413,0.34657,4.5,3,rf,mob,hydrophis schistosus
5,87,4.61413,1.15129,4.5,3,rf,mob,hydrophis schistosus
5,88,4.61413,1.95601,4.5,3,rf,mob,hydrophis schistosus
5,89,4.7185,0.34657,4.5,3,ben,mob,hydrophis bituberculatus
5,90,4.7185,1.15129,4.5,3,ben,mob,hydrophis bituberculatus
5,91,4.7185,1.95601,4.5,3,ben,mob,hydrophis bituberculatus
5,92,4.43082,0.34657,4.5,3,bp,mob,polyodontognathus caerulescens
5,93,4.43082,1.15129,4.5,3,bp,mob,polyodontognathus caerulescens
5,94,4.43082,1.95601,4.5,3,bp,mob,polyodontognathus caerulescens
5,95,4.91998,0.34657,4.5,3,ben,mob,hydrophis coggeri
5,96,4.91998,1.15129,4.5,3,ben,mob,hydrophis coggeri
5,97,4.91998,1.95601,4.5,3,ben,mob,hydrophis coggeri
5,98,4.86753,0.34657,4.5,3,rf,mob,hydrophis cyanocinctus
5,99,4.86753,1.15129,4.5,3,rf,mob,hydrophis cyanocinctus
5,100,4.86753,1.95601,4.5,3,rf,mob,hydrophis cyanocinctus
5,101,4.58497,0.34657,4.5,3,ben,mob,hydrophis czeblukovi
5,102,4.58497,1.15129,4.5,3,ben,mob,hydrophis czeblukovi
5,103,4.58497,1.95601,4.5,3,ben,mob,hydrophis czeblukovi
5,104,5.26269,0.34657,4.5,3,ben,mob,hydrophis elegans
5,105,5.26269,1.15129,4.5,3,ben,mob,hydrophis elegans
5,106,5.26269,1.95601,4.5,3,ben,mob,hydrophis elegans
5,107,4.13517,0.34657,4.5,3,ben,mob,hydrophis fasciatus
5,108,4.13517,1.15129,4.5,3,ben,mob,hydrophis fasciatus
5,109,4.13517,1.95601,4.5,3,ben,mob,hydrophis fasciatus
5,110,4.52179,0.34657,4.5,3,ben,mob,hydrophis inornatus
5,111,4.52179,1.15129,4.5,3,ben,mob,hydrophis inornatus
5,112,4.52179,1.95601,4.5,3,ben,mob,hydrophis inornatus
5,113,5.22451,0.34657,4.5,3,rf,mob,chitulia laboutei
5,114,5.22451,1.15129,4.5,3,rf,mob,chitulia laboutei
5,115,5.22451,1.95601,4.5,3,rf,mob,chitulia laboutei
5,116,4.82831,0.34657,4.5,3,ben,mob,hydrophis lamberti
5,117,4.82831,1.15129,4.5,3,ben,mob,hydrophis lamberti
5,118,4.82831,1.95601,4.5,3,ben,mob,hydrophis lamberti
5,119,4.72562,0.34657,4.5,3,rf,mob,hydrophis lapemoides
5,120,4.72562,1.15129,4.5,3,rf,mob,hydrophis lapemoides
5,121,4.72562,1.95601,4.5,3,rf,mob,hydrophis lapemoides
5,122,5.01064,0.34657,4.5,3,ben,mob,hydrophis melanocephalus
5,123,5.01064,1.15129,4.5,3,ben,mob,hydrophis melanocephalus
5,124,5.01064,1.95601,4.5,3,ben,mob,hydrophis melanocephalus
5,125,4.82831,0.34657,4.5,3,rf,mob,hydrophis ornatus
5,126,4.82831,1.15129,4.5,3,rf,mob,hydrophis ornatus
5,127,4.82831,1.95601,4.5,3,rf,mob,hydrophis ornatus
5,128,5.07829,0.34657,4.5,3,ben,mob,hydrophis pacificus
5,129,5.07829,1.15129,4.5,3,ben,mob,hydrophis pacificus
5,130,5.07829,1.95601,4.5,3,ben,mob,hydrophis pacificus
5,131,7.46451,0.34657,4.5,3,rf,mob,hydrophis spiralis
5,132,7.46451,1.15129,4.5,3,rf,mob,hydrophis spiralis
5,133,7.46451,1.95601,4.5,3,rf,mob,hydrophis spiralis
5,134,4.63473,0.34657,4.5,3,rf,mob,hydrophis curtus
5,135,4.63473,1.15129,4.5,3,rf,mob,hydrophis curtus
5,136,4.63473,1.95601,4.5,3,rf,mob,hydrophis curtus
5,137,4.91265,0.34657,4.5,3,ben,mob,laticauda laticaudata
5,138,4.91265,1.15129,4.5,3,ben,mob,laticauda laticaudata
5,139,4.91265,1.95601,4.5,3,ben,mob,laticauda laticaudata
5,140,2.85647,0.34657,4.5,3,ben,mob,microcephalophis cantoris
5,141,2.85647,1.15129,4.5,3,ben,mob,microcephalophis cantoris
5,142,2.85647,1.95601,4.5,3,ben,mob,microcephalophis cantoris
5,143,3.7495,0.34657,4.5,3,ben,mob,thalassophis anomalus
5,144,3.7495,1.15129,4.5,3,ben,mob,thalassophis anomalus
5,145,3.7495,1.95601,4.5,3,ben,mob,thalassophis anomalus
5,146,4.69135,0.34657,4.5,3,rf,mob,laticauda saintgironsi
5,147,4.69135,1.15129,4.5,3,rf,mob,laticauda saintgironsi
5,148,4.69135,1.95601,4.5,3,rf,mob,laticauda saintgironsi
5,149,4.18052,0.34657,4.5,3,ben,mob,laticauda frontalis
5,150,4.18052,1.15129,4.5,3,ben,mob,laticauda frontalis
5,151,4.18052,1.95601,4.5,3,ben,mob,laticauda frontalis
5,152,4.45435,0.34657,4.5,3,ben,mob,hydrophis mcdowelli
5,153,4.45435,1.15129,4.5,3,ben,mob,hydrophis mcdowelli
5,154,4.45435,1.95601,4.5,3,ben,mob,hydrophis mcdowelli
5,155,4.31749,3.45388,3.95,15,ben,mob,crocodylus acutus
5,156,4.81218,0.34657,4.5,3,ben,mob,acrochordus arafurae
5,157,4.62986,1.15129,4.5,3,ben,mob,acrochordus arafurae
5,158,4.62986,1.95601,4.5,3,ben,mob,acrochordus arafurae
5,159,4.43082,0.34657,4.5,3,ben,mob,acrochordus javanicus
5,160,4.65396,1.15129,4.5,3,ben,mob,acrochordus javanicus
5,161,4.62986,1.95601,4.5,3,ben,mob,acrochordus javanicus
5,162,4.31749,0.34657,4.5,3,ben,mob,ephalophis greyi
5,163,4.09434,1.15129,4.5,3,ben,mob,ephalophis greyi
5,164,4.31749,1.95601,4.5,3,ben,mob,ephalophis greyi
5,165,4.20469,0.34657,4.5,3,ben,mob,hydrelaps darwiniensis
5,166,4.31749,1.15129,4.5,3,ben,mob,hydrelaps darwiniensis
5,167,4.31749,1.95601,4.5,3,ben,mob,hydrelaps darwiniensis
5,168,4.20469,0.34657,4.5,3,ben,mob,laticauda guineai
5,169,4.31749,1.15129,4.5,3,ben,mob,laticauda guineai
5,170,4.31749,1.95601,4.5,3,ben,mob,laticauda guineai
5,171,4.09434,0.34657,4.5,3,ben,mob,laticauda schistorhyncha
5,172,4.31749,1.15129,4.5,3,ben,mob,laticauda schistorhyncha
5,173,4.31749,1.95601,4.5,3,ben,mob,laticauda schistorhyncha
5,174,4.20469,0.34657,4.5,3,rf,mob,laticauda semifasciata
5,175,4.31749,1.15129,4.5,3,rf,mob,laticauda semifasciata
5,176,4.31749,1.95601,4.5,3,rf,mob,laticauda semifasciata
5,177,4.09434,0.34657,4.5,3,ben,mob,parahydrophis mertoni
5,178,4.31749,1.15129,4.5,3,ben,mob,parahydrophis mertoni
5,179,4.09434,1.95601,4.5,3,ben,mob,parahydrophis mertoni
5,180,4.09434,0.34657,4.4,3,ben,mob,aipysurus foliosquama
5,181,4.31749,1.15129,4.4,3,ben,mob,aipysurus foliosquama
5,182,4.20469,1.95601,4.4,3,ben,mob,aipysurus foliosquama
5,183,4.31749,0.34657,4.4,3,ben,mob,aipysurus fuscus
5,184,4.31749,1.15129,4.4,3,ben,mob,aipysurus fuscus
5,185,4.31749,1.95601,4.4,3,ben,mob,aipysurus fuscus
5,186,4.31749,0.34657,4.4,3,rf,mob,aipysurus mosaicus
5,187,4.31749,1.15129,4.4,3,rf,mob,aipysurus mosaicus
5,188,4.09434,1.95601,4.4,3,rf,mob,aipysurus mosaicus
5,189,4.09434,0.34657,4.4,3,ben,mob,aipysurus tenuis
5,190,4.20469,1.15129,4.4,3,ben,mob,aipysurus tenuis
5,191,4.31749,1.95601,4.4,3,ben,mob,aipysurus tenuis
5,192,4.31749,0.34657,4.5,3,ben,mob,disteira walli
5,193,4.20469,1.15129,4.5,3,ben,mob,disteira walli
5,194,4.09434,1.95601,4.5,3,ben,mob,disteira walli
5,195,4.31749,0.34657,4.5,3,ben,mob,enhydrina zweifeli
5,196,4.09434,1.15129,4.5,3,ben,mob,enhydrina zweifeli
5,197,4.20469,1.95601,4.5,3,ben,mob,enhydrina zweifeli
5,198,4.31749,0.34657,4.5,3,rf,mob,hemiaspis signata
5,199,4.20469,1.15129,4.5,3,rf,mob,hemiaspis signata
5,200,4.31749,1.95601,4.5,3,rf,mob,hemiaspis signata
5,201,4.31749,0.34657,4.5,3,rf,mob,hydrophis annandalei
5,202,4.31749,1.15129,4.5,3,rf,mob,hydrophis annandalei
5,203,4.09434,1.95601,4.5,3,rf,mob,hydrophis annandalei
5,204,4.20469,0.34657,4.5,3,ben,mob,hydrophis atriceps
5,205,4.09434,1.15129,4.5,3,ben,mob,hydrophis atriceps
5,206,4.31749,1.95601,4.5,3,ben,mob,hydrophis atriceps
5,207,4.31749,0.34657,4.5,3,ben,mob,hydrophis belcheri
5,208,4.31749,1.15129,4.5,3,ben,mob,hydrophis belcheri
5,209,4.31749,1.95601,4.5,3,ben,mob,hydrophis belcheri
5,210,4.09434,0.34657,4.5,3,ben,mob,hydrophis brookii
5,211,4.31749,1.15129,4.5,3,ben,mob,hydrophis brookii
5,212,4.31749,1.95601,4.5,3,ben,mob,hydrophis brookii
5,213,4.31749,0.34657,4.5,3,rf,mob,hydrophis donaldi
5,214,4.09434,1.15129,4.5,3,rf,mob,hydrophis donaldi
5,215,4.20469,1.95601,4.5,3,rf,mob,hydrophis donaldi
5,216,4.31749,0.34657,4.5,3,rf,mob,hydrophis gracilis
5,217,4.31749,1.15129,4.5,3,rf,mob,hydrophis gracilis
5,218,4.31749,1.95601,4.5,3,rf,mob,hydrophis gracilis
5,219,4.31749,0.34657,4.5,3,ben,mob,hydrophis klossi
5,220,4.31749,1.15129,4.5,3,ben,mob,hydrophis klossi
5,221,4.31749,1.95601,4.5,3,ben,mob,hydrophis klossi
5,222,4.31749,0.34657,4.5,3,ben,mob,hydrophis mamillaris
5,223,4.31749,1.15129,4.5,3,ben,mob,hydrophis mamillaris
5,224,4.09434,1.95601,4.5,3,ben,mob,hydrophis mamillaris
5,225,4.31749,0.34657,4.5,3,ben,mob,hydrophis melanosoma
5,226,4.31749,1.15129,4.5,3,ben,mob,hydrophis melanosoma
5,227,4.31749,1.95601,4.5,3,ben,mob,hydrophis melanosoma
5,228,4.20469,0.34657,4.5,3,ben,mob,hydrophis nigrocinctus
5,229,4.20469,1.15129,4.5,3,ben,mob,hydrophis nigrocinctus
5,230,4.31749,1.95601,4.5,3,ben,mob,hydrophis nigrocinctus
5,231,4.31749,0.34657,4.5,3,ben,mob,hydrophis obscurus
5,232,4.09434,1.15129,4.5,3,ben,mob,hydrophis obscurus
5,233,4.31749,1.95601,4.5,3,ben,mob,hydrophis obscurus
5,234,4.09434,0.34657,4.5,3,ben,mob,hydrophis pachycercos
5,235,4.31749,1.15129,4.5,3,ben,mob,hydrophis pachycercos
5,236,4.09434,1.95601,4.5,3,ben,mob,hydrophis pachycercos
5,237,4.31749,0.34657,4.5,3,ben,mob,hydrophis parviceps
5,238,4.31749,1.15129,4.5,3,ben,mob,hydrophis parviceps
5,239,4.31749,1.95601,4.5,3,ben,mob,hydrophis parviceps
5,240,4.20469,0.34657,4.5,3,rf,mob,hydrophis peronii
5,241,4.09434,1.15129,4.5,3,rf,mob,hydrophis peronii
5,242,4.31749,1.95601,4.5,3,rf,mob,hydrophis peronii
5,243,4.31749,0.34657,4.5,3,rf,mob,hydrophis platurus
5,244,4.31749,1.15129,4.5,3,rf,mob,hydrophis platurus
5,245,4.09434,1.95601,4.5,3,rf,mob,hydrophis platurus
5,246,4.09434,0.34657,4.5,3,rf,mob,hydrophis stokesii
5,247,4.09434,1.15129,4.5,3,rf,mob,hydrophis stokesii
5,248,4.31749,1.95601,4.5,3,rf,mob,hydrophis stokesii
5,249,4.31749,0.34657,4.5,3,ben,mob,hydrophis stricticollis
5,250,4.09434,1.15129,4.5,3,ben,mob,hydrophis stricticollis
5,251,4.31749,1.95601,4.5,3,ben,mob,hydrophis stricticollis
5,252,4.20469,0.34657,4.5,3,ben,mob,hydrophis torquatus
5,253,4.31749,1.15129,4.5,3,ben,mob,hydrophis torquatus
5,254,4.31749,1.95601,4.5,3,ben,mob,hydrophis torquatus
5,255,4.09434,0.34657,4.5,3,rf,mob,hydrophis viperinus
5,256,4.31749,1.15129,4.5,3,rf,mob,hydrophis viperinus
5,257,4.20469,1.95601,4.5,3,rf,mob,hydrophis viperinus
5,258,4.09434,0.34657,4.5,3,ben,mob,hydrophis vorisi
5,259,4.31749,1.15129,4.5,3,ben,mob,hydrophis vorisi
5,260,4.09434,1.95601,4.5,3,ben,mob,hydrophis vorisi
5,261,4.31749,0.34657,4.5,3,ben,mob,kerilia jerdoni
5,262,4.31749,1.15129,4.5,3,ben,mob,kerilia jerdoni
5,263,4.09434,1.95601,4.5,3,ben,mob,kerilia jerdoni
5,264,4.31749,0.34657,4.5,3,rf,mob,lapemis hardwickii
5,265,4.20469,1.15129,4.5,3,rf,mob,lapemis hardwickii
5,266,4.09434,1.95601,4.5,3,rf,mob,lapemis hardwickii
5,267,4.31749,0.34657,4.5,3,rf,mob,parapistocalamus hedigeri
5,268,4.31749,1.15129,4.5,3,rf,mob,parapistocalamus hedigeri
5,269,4.20469,1.95601,4.5,3,rf,mob,parapistocalamus hedigeri
5,270,4.31749,0.34657,4.5,3,rf,mob,pseudonaja elliotti
5,271,4.20469,1.15129,4.5,3,rf,mob,pseudonaja elliotti
5,272,4.31749,1.95601,4.5,3,rf,mob,pseudonaja elliotti
5,273,4.31749,0.34657,4.5,3,rf,mob,tropidechis sadlieri
5,274,4.09434,1.15129,4.5,3,rf,mob,tropidechis sadlieri
5,275,4.31749,1.95601,4.5,3,rf,mob,tropidechis sadlieri
5,276,4.20469,1.95601,2.15,3.61775,rf,mob,amblyrhynchus cristatus
5,277,4.20469,0.34657,2.15,5.7884,rf,mob,amblyrhynchus cristatus
5,278,5.90808,0.34657,4.15,2.8942,bp,mig,dermochelys coriacea
5,279,5.99146,1.95601,4.15,16.1,bp,mig,dermochelys coriacea
5,280,4.81218,1.95601,3.49,10,ben,mig,lepidochelys kempii
5,281,4.81218,1.15129,3.49,9,ben,mig,lepidochelys kempii
5,282,4.81218,1.15129,3.38,6.51195,bp,mig,lepidochelys olivacea
